response_scenario,case,language,profile,request_index,stage,o200k_input_content,estimated_overhead,o200k_input,o200k_output,cl100k_input,cl100k_output
authored_short,1,fa,short,1,patient,1218,11,1229,12,2317,25
authored_short,1,fa,short,2,patient,1236,19,1255,9,2368,15
authored_short,1,fa,short,3,patient,1250,27,1277,11,2402,29
authored_short,1,fa,short,4,patient,1267,35,1302,11,2448,29
authored_short,1,fa,short,5,patient,1286,43,1329,14,2502,24
authored_short,1,fa,short,6,patient,1307,51,1358,14,2552,24
authored_short,1,fa,short,7,patient,1325,59,1384,8,2593,16
authored_short,1,fa,short,8,patient,1310,59,1369,10,2555,20
authored_short,1,fa,short,9,patient,1312,59,1371,9,2559,13
authored_short,1,fa,short,10,patient,1312,59,1371,9,2547,13
authored_short,1,fa,short,11,exam,602,59,661,38,1259,46
authored_short,1,fa,short,12,exam,658,59,717,42,1334,82
authored_short,1,fa,short,13,scoring,2173,11,2184,314,2942,566
authored_short,1,fa,short,14,lesson,1908,11,1919,1546,3081,3007
authored_short,1,fa,standard,1,patient,1218,11,1229,12,2317,25
authored_short,1,fa,standard,2,patient,1236,19,1255,9,2368,15
authored_short,1,fa,standard,3,patient,1250,27,1277,11,2402,29
authored_short,1,fa,standard,4,patient,1267,35,1302,11,2448,29
authored_short,1,fa,standard,5,patient,1286,43,1329,14,2502,24
authored_short,1,fa,standard,6,patient,1307,51,1358,14,2552,24
authored_short,1,fa,standard,7,patient,1325,59,1384,8,2593,16
authored_short,1,fa,standard,8,patient,1310,59,1369,10,2555,20
authored_short,1,fa,standard,9,patient,1312,59,1371,9,2559,13
authored_short,1,fa,standard,10,patient,1312,59,1371,9,2547,13
authored_short,1,fa,standard,11,patient,1312,59,1371,13,2547,26
authored_short,1,fa,standard,12,patient,1310,59,1369,18,2544,39
authored_short,1,fa,standard,13,patient,1313,59,1372,8,2553,16
authored_short,1,fa,standard,14,patient,1314,59,1373,8,2556,16
authored_short,1,fa,standard,15,patient,1314,59,1373,20,2553,39
authored_short,1,fa,standard,16,patient,1325,59,1384,20,2576,39
authored_short,1,fa,standard,17,patient,1337,59,1396,18,2606,39
authored_short,1,fa,standard,18,patient,1341,59,1400,8,2610,16
authored_short,1,fa,standard,19,patient,1329,59,1388,18,2590,39
authored_short,1,fa,standard,20,patient,1345,59,1404,20,2630,39
authored_short,1,fa,standard,21,exam,650,59,709,38,1378,46
authored_short,1,fa,standard,22,exam,698,59,757,42,1436,82
authored_short,1,fa,standard,23,exam,684,59,743,26,1411,53
authored_short,1,fa,standard,24,unrecorded_lab,92,11,103,24,219,55
authored_short,1,fa,standard,25,unrecorded_lab,91,11,102,24,219,55
authored_short,1,fa,standard,26,scoring,2539,11,2550,314,3599,566
authored_short,1,fa,standard,27,lesson,2250,11,2261,1546,3726,3007
authored_short,1,fa,long,1,patient,1218,11,1229,12,2317,25
authored_short,1,fa,long,2,patient,1236,19,1255,9,2368,15
authored_short,1,fa,long,3,patient,1250,27,1277,11,2402,29
authored_short,1,fa,long,4,patient,1267,35,1302,11,2448,29
authored_short,1,fa,long,5,patient,1286,43,1329,14,2502,24
authored_short,1,fa,long,6,patient,1307,51,1358,14,2552,24
authored_short,1,fa,long,7,patient,1325,59,1384,8,2593,16
authored_short,1,fa,long,8,patient,1310,59,1369,10,2555,20
authored_short,1,fa,long,9,patient,1312,59,1371,9,2559,13
authored_short,1,fa,long,10,patient,1312,59,1371,9,2547,13
authored_short,1,fa,long,11,patient,1312,59,1371,13,2547,26
authored_short,1,fa,long,12,patient,1310,59,1369,18,2544,39
authored_short,1,fa,long,13,patient,1313,59,1372,8,2553,16
authored_short,1,fa,long,14,patient,1314,59,1373,8,2556,16
authored_short,1,fa,long,15,patient,1314,59,1373,20,2553,39
authored_short,1,fa,long,16,patient,1325,59,1384,20,2576,39
authored_short,1,fa,long,17,patient,1337,59,1396,18,2606,39
authored_short,1,fa,long,18,patient,1341,59,1400,8,2610,16
authored_short,1,fa,long,19,patient,1329,59,1388,18,2590,39
authored_short,1,fa,long,20,patient,1345,59,1404,20,2630,39
authored_short,1,fa,long,21,patient,1359,59,1418,20,2656,39
authored_short,1,fa,long,22,patient,1358,59,1417,20,2658,39
authored_short,1,fa,long,23,patient,1359,59,1418,14,2661,24
authored_short,1,fa,long,24,patient,1357,59,1416,9,2653,13
authored_short,1,fa,long,25,patient,1360,59,1419,20,2655,39
authored_short,1,fa,long,26,patient,1366,59,1425,13,2663,26
authored_short,1,fa,long,27,patient,1352,59,1411,18,2634,39
authored_short,1,fa,long,28,patient,1350,59,1409,18,2634,39
authored_short,1,fa,long,29,patient,1345,59,1404,20,2628,39
authored_short,1,fa,long,30,patient,1350,59,1409,20,2640,39
authored_short,1,fa,long,31,patient,1361,59,1420,8,2663,16
authored_short,1,fa,long,32,patient,1351,59,1410,9,2642,13
authored_short,1,fa,long,33,patient,1349,59,1408,20,2626,39
authored_short,1,fa,long,34,patient,1355,59,1414,14,2630,24
authored_short,1,fa,long,35,patient,1352,59,1411,20,2620,39
authored_short,1,fa,long,36,patient,1358,59,1417,20,2632,39
authored_short,1,fa,long,37,patient,1365,59,1424,10,2647,20
authored_short,1,fa,long,38,patient,1373,59,1432,9,2657,13
authored_short,1,fa,long,39,patient,1375,59,1434,20,2661,39
authored_short,1,fa,long,40,patient,1373,59,1432,7,2657,11
authored_short,1,fa,long,41,exam,655,59,714,38,1364,46
authored_short,1,fa,long,42,exam,705,59,764,42,1421,82
authored_short,1,fa,long,43,exam,686,59,745,26,1383,53
authored_short,1,fa,long,44,exam,722,59,781,37,1453,81
authored_short,1,fa,long,45,exam,1281,43,1324,20,2460,39
authored_short,1,fa,long,46,unrecorded_lab,92,11,103,24,219,55
authored_short,1,fa,long,47,unrecorded_lab,91,11,102,24,219,55
authored_short,1,fa,long,48,unrecorded_lab,92,11,103,24,219,55
authored_short,1,fa,long,49,unrecorded_lab,92,11,103,24,219,55
authored_short,1,fa,long,50,scoring,3315,11,3326,314,4966,566
authored_short,1,fa,long,51,lesson,2969,11,2980,1546,5067,3007
authored_short,1,en,short,1,patient,818,11,829,14,942,15
authored_short,1,en,short,2,patient,838,19,857,4,971,4
authored_short,1,en,short,3,patient,847,27,874,9,988,10
authored_short,1,en,short,4,patient,861,35,896,9,1011,10
authored_short,1,en,short,5,patient,877,43,920,7,1036,7
authored_short,1,en,short,6,patient,891,51,942,2,1058,2
authored_short,1,en,short,7,patient,898,59,957,4,1073,4
authored_short,1,en,short,8,patient,882,59,941,7,1056,9
authored_short,1,en,short,9,patient,884,59,943,5,1060,7
authored_short,1,en,short,10,patient,881,59,940,5,1058,7
authored_short,1,en,short,11,exam,404,59,463,33,470,34
authored_short,1,en,short,12,exam,448,59,507,26,515,27
authored_short,1,en,short,13,scoring,1930,11,1941,248,2123,247
authored_short,1,en,short,14,lesson,1444,11,1455,961,1464,970
authored_short,1,en,standard,1,patient,818,11,829,14,942,15
authored_short,1,en,standard,2,patient,838,19,857,4,971,4
authored_short,1,en,standard,3,patient,847,27,874,9,988,10
authored_short,1,en,standard,4,patient,861,35,896,9,1011,10
authored_short,1,en,standard,5,patient,877,43,920,7,1036,7
authored_short,1,en,standard,6,patient,891,51,942,2,1058,2
authored_short,1,en,standard,7,patient,898,59,957,4,1073,4
authored_short,1,en,standard,8,patient,882,59,941,7,1056,9
authored_short,1,en,standard,9,patient,884,59,943,5,1060,7
authored_short,1,en,standard,10,patient,881,59,940,5,1058,7
authored_short,1,en,standard,11,patient,877,59,936,7,1055,7
authored_short,1,en,standard,12,patient,874,59,933,15,1052,15
authored_short,1,en,standard,13,patient,888,59,947,4,1066,4
authored_short,1,en,standard,14,patient,888,59,947,4,1066,4
authored_short,1,en,standard,15,patient,883,59,942,14,1059,15
authored_short,1,en,standard,16,patient,893,59,952,14,1068,15
authored_short,1,en,standard,17,patient,901,59,960,15,1075,15
authored_short,1,en,standard,18,patient,909,59,968,4,1083,4
authored_short,1,en,standard,19,patient,898,59,957,15,1072,15
authored_short,1,en,standard,20,patient,907,59,966,14,1081,15
authored_short,1,en,standard,21,exam,444,59,503,33,507,34
authored_short,1,en,standard,22,exam,482,59,541,26,545,27
authored_short,1,en,standard,23,exam,472,59,531,13,535,14
authored_short,1,en,standard,24,unrecorded_lab,60,11,71,13,71,13
authored_short,1,en,standard,25,unrecorded_lab,59,11,70,13,71,13
authored_short,1,en,standard,26,scoring,2208,11,2219,248,2404,247
authored_short,1,en,standard,27,lesson,1711,11,1722,961,1733,970
authored_short,1,en,long,1,patient,818,11,829,14,942,15
authored_short,1,en,long,2,patient,838,19,857,4,971,4
authored_short,1,en,long,3,patient,847,27,874,9,988,10
authored_short,1,en,long,4,patient,861,35,896,9,1011,10
authored_short,1,en,long,5,patient,877,43,920,7,1036,7
authored_short,1,en,long,6,patient,891,51,942,2,1058,2
authored_short,1,en,long,7,patient,898,59,957,4,1073,4
authored_short,1,en,long,8,patient,882,59,941,7,1056,9
authored_short,1,en,long,9,patient,884,59,943,5,1060,7
authored_short,1,en,long,10,patient,881,59,940,5,1058,7
authored_short,1,en,long,11,patient,877,59,936,7,1055,7
authored_short,1,en,long,12,patient,874,59,933,15,1052,15
authored_short,1,en,long,13,patient,888,59,947,4,1066,4
authored_short,1,en,long,14,patient,888,59,947,4,1066,4
authored_short,1,en,long,15,patient,883,59,942,14,1059,15
authored_short,1,en,long,16,patient,893,59,952,14,1068,15
authored_short,1,en,long,17,patient,901,59,960,15,1075,15
authored_short,1,en,long,18,patient,909,59,968,4,1083,4
authored_short,1,en,long,19,patient,898,59,957,15,1072,15
authored_short,1,en,long,20,patient,907,59,966,14,1081,15
authored_short,1,en,long,21,patient,917,59,976,9,1092,10
authored_short,1,en,long,22,patient,913,59,972,9,1088,10
authored_short,1,en,long,23,patient,908,59,967,14,1083,15
authored_short,1,en,long,24,patient,909,59,968,5,1085,7
authored_short,1,en,long,25,patient,912,59,971,14,1090,15
authored_short,1,en,long,26,patient,912,59,971,7,1091,7
authored_short,1,en,long,27,patient,904,59,963,15,1082,15
authored_short,1,en,long,28,patient,910,59,969,15,1087,15
authored_short,1,en,long,29,patient,914,59,973,4,1090,4
authored_short,1,en,long,30,patient,904,59,963,14,1079,15
authored_short,1,en,long,31,patient,913,59,972,5,1087,7
authored_short,1,en,long,32,patient,904,59,963,5,1079,7
authored_short,1,en,long,33,patient,904,59,963,14,1081,15
authored_short,1,en,long,34,patient,906,59,965,7,1084,7
authored_short,1,en,long,35,patient,902,59,961,14,1080,15
authored_short,1,en,long,36,patient,914,59,973,9,1093,10
authored_short,1,en,long,37,patient,911,59,970,7,1090,9
authored_short,1,en,long,38,patient,913,59,972,5,1092,7
authored_short,1,en,long,39,patient,914,59,973,14,1093,15
authored_short,1,en,long,40,patient,912,59,971,4,1091,4
authored_short,1,en,long,41,exam,433,59,492,33,500,34
authored_short,1,en,long,42,exam,468,59,527,26,535,27
authored_short,1,en,long,43,exam,462,59,521,13,529,14
authored_short,1,en,long,44,exam,484,59,543,25,550,26
authored_short,1,en,long,45,exam,858,43,901,14,1015,15
authored_short,1,en,long,46,unrecorded_lab,60,11,71,13,71,13
authored_short,1,en,long,47,unrecorded_lab,59,11,70,13,71,13
authored_short,1,en,long,48,unrecorded_lab,60,11,71,13,71,13
authored_short,1,en,long,49,unrecorded_lab,60,11,71,13,71,13
authored_short,1,en,long,50,scoring,2776,11,2787,248,2988,247
authored_short,1,en,long,51,lesson,2253,11,2264,961,2293,970
authored_short,2,fa,short,1,patient,1121,11,1132,12,2199,25
authored_short,2,fa,short,2,patient,1139,19,1158,9,2250,17
authored_short,2,fa,short,3,patient,1153,27,1180,10,2286,21
authored_short,2,fa,short,4,patient,1169,35,1204,10,2324,21
authored_short,2,fa,short,5,patient,1187,43,1230,6,2370,16
authored_short,2,fa,short,6,patient,1200,51,1251,18,2412,39
authored_short,2,fa,short,7,patient,1222,59,1281,9,2468,16
authored_short,2,fa,short,8,patient,1208,59,1267,2,2430,4
authored_short,2,fa,short,9,patient,1202,59,1261,5,2416,11
authored_short,2,fa,short,10,patient,1199,59,1258,5,2410,11
authored_short,2,fa,short,11,exam,572,59,631,38,1230,46
authored_short,2,fa,short,12,exam,636,59,695,45,1313,90
authored_short,2,fa,short,13,scoring,1838,11,1849,258,2533,464
authored_short,2,fa,short,14,lesson,1694,11,1705,1217,2782,2381
authored_short,2,fa,standard,1,patient,1121,11,1132,12,2199,25
authored_short,2,fa,standard,2,patient,1139,19,1158,9,2250,17
authored_short,2,fa,standard,3,patient,1153,27,1180,10,2286,21
authored_short,2,fa,standard,4,patient,1169,35,1204,10,2324,21
authored_short,2,fa,standard,5,patient,1187,43,1230,6,2370,16
authored_short,2,fa,standard,6,patient,1200,51,1251,18,2412,39
authored_short,2,fa,standard,7,patient,1222,59,1281,9,2468,16
authored_short,2,fa,standard,8,patient,1208,59,1267,2,2430,4
authored_short,2,fa,standard,9,patient,1202,59,1261,5,2416,11
authored_short,2,fa,standard,10,patient,1199,59,1258,5,2410,11
authored_short,2,fa,standard,11,patient,1196,59,1255,8,2416,19
authored_short,2,fa,standard,12,patient,1197,59,1256,18,2414,39
authored_short,2,fa,standard,13,patient,1196,59,1255,9,2408,16
authored_short,2,fa,standard,14,patient,1197,59,1256,9,2411,16
authored_short,2,fa,standard,15,patient,1206,59,1265,20,2424,39
authored_short,2,fa,standard,16,patient,1221,59,1280,20,2449,39
authored_short,2,fa,standard,17,patient,1237,59,1296,18,2481,39
authored_short,2,fa,standard,18,patient,1246,59,1305,9,2492,16
authored_short,2,fa,standard,19,patient,1235,59,1294,18,2472,39
authored_short,2,fa,standard,20,patient,1250,59,1309,20,2512,39
authored_short,2,fa,standard,21,exam,640,59,699,38,1362,46
authored_short,2,fa,standard,22,exam,688,59,747,45,1420,90
authored_short,2,fa,standard,23,exam,677,59,736,34,1403,69
authored_short,2,fa,standard,24,unrecorded_lab,92,11,103,24,219,55
authored_short,2,fa,standard,25,unrecorded_lab,91,11,102,24,219,55
authored_short,2,fa,standard,26,scoring,2209,11,2220,258,3199,464
authored_short,2,fa,standard,27,lesson,2041,11,2052,1217,3436,2381
authored_short,2,fa,long,1,patient,1121,11,1132,12,2199,25
authored_short,2,fa,long,2,patient,1139,19,1158,9,2250,17
authored_short,2,fa,long,3,patient,1153,27,1180,10,2286,21
authored_short,2,fa,long,4,patient,1169,35,1204,10,2324,21
authored_short,2,fa,long,5,patient,1187,43,1230,6,2370,16
authored_short,2,fa,long,6,patient,1200,51,1251,18,2412,39
authored_short,2,fa,long,7,patient,1222,59,1281,9,2468,16
authored_short,2,fa,long,8,patient,1208,59,1267,2,2430,4
authored_short,2,fa,long,9,patient,1202,59,1261,5,2416,11
authored_short,2,fa,long,10,patient,1199,59,1258,5,2410,11
authored_short,2,fa,long,11,patient,1196,59,1255,8,2416,19
authored_short,2,fa,long,12,patient,1197,59,1256,18,2414,39
authored_short,2,fa,long,13,patient,1196,59,1255,9,2408,16
authored_short,2,fa,long,14,patient,1197,59,1256,9,2411,16
authored_short,2,fa,long,15,patient,1206,59,1265,20,2424,39
authored_short,2,fa,long,16,patient,1221,59,1280,20,2449,39
authored_short,2,fa,long,17,patient,1237,59,1296,18,2481,39
authored_short,2,fa,long,18,patient,1246,59,1305,9,2492,16
authored_short,2,fa,long,19,patient,1235,59,1294,18,2472,39
authored_short,2,fa,long,20,patient,1250,59,1309,20,2512,39
authored_short,2,fa,long,21,patient,1263,59,1322,20,2538,39
authored_short,2,fa,long,22,patient,1262,59,1321,20,2540,39
authored_short,2,fa,long,23,patient,1263,59,1322,18,2543,39
authored_short,2,fa,long,24,patient,1265,59,1324,5,2550,11
authored_short,2,fa,long,25,patient,1263,59,1322,20,2550,39
authored_short,2,fa,long,26,patient,1269,59,1328,8,2558,19
authored_short,2,fa,long,27,patient,1250,59,1309,18,2522,39
authored_short,2,fa,long,28,patient,1248,59,1307,18,2522,39
authored_short,2,fa,long,29,patient,1243,59,1302,20,2516,39
authored_short,2,fa,long,30,patient,1244,59,1303,20,2513,39
authored_short,2,fa,long,31,patient,1259,59,1318,9,2538,16
authored_short,2,fa,long,32,patient,1250,59,1309,5,2517,11
authored_short,2,fa,long,33,patient,1249,59,1308,20,2506,39
authored_short,2,fa,long,34,patient,1255,59,1314,6,2510,16
authored_short,2,fa,long,35,patient,1244,59,1303,20,2492,39
authored_short,2,fa,long,36,patient,1250,59,1309,20,2504,39
authored_short,2,fa,long,37,patient,1257,59,1316,2,2519,4
authored_short,2,fa,long,38,patient,1256,59,1315,5,2513,11
authored_short,2,fa,long,39,patient,1258,59,1317,20,2517,39
authored_short,2,fa,long,40,patient,1256,59,1315,7,2513,11
authored_short,2,fa,long,41,exam,632,59,691,38,1330,46
authored_short,2,fa,long,42,exam,682,59,741,45,1387,90
authored_short,2,fa,long,43,exam,666,59,725,34,1357,69
authored_short,2,fa,long,44,exam,718,59,777,37,1459,80
authored_short,2,fa,long,45,exam,1184,43,1227,20,2342,39
authored_short,2,fa,long,46,unrecorded_lab,92,11,103,24,219,55
authored_short,2,fa,long,47,unrecorded_lab,91,11,102,24,219,55
authored_short,2,fa,long,48,unrecorded_lab,92,11,103,24,219,55
authored_short,2,fa,long,49,unrecorded_lab,92,11,103,24,219,55
authored_short,2,fa,long,50,scoring,2958,11,2969,258,4542,464
authored_short,2,fa,long,51,lesson,2732,11,2743,1217,4752,2381
authored_short,2,en,short,1,patient,721,11,732,14,824,15
authored_short,2,en,short,2,patient,741,19,760,4,853,4
authored_short,2,en,short,3,patient,750,27,777,6,870,7
authored_short,2,en,short,4,patient,761,35,796,6,890,7
authored_short,2,en,short,5,patient,774,43,817,5,912,5
authored_short,2,en,short,6,patient,786,51,837,15,932,15
authored_short,2,en,short,7,patient,806,59,865,4,960,4
authored_short,2,en,short,8,patient,790,59,849,1,943,1
authored_short,2,en,short,9,patient,786,59,845,4,939,3
authored_short,2,en,short,10,patient,785,59,844,4,936,3
authored_short,2,en,short,11,exam,400,59,459,33,460,34
authored_short,2,en,short,12,exam,446,59,505,27,507,28
authored_short,2,en,short,13,scoring,1668,11,1679,204,1830,203
authored_short,2,en,short,14,lesson,1310,11,1321,767,1326,777
authored_short,2,en,standard,1,patient,721,11,732,14,824,15
authored_short,2,en,standard,2,patient,741,19,760,4,853,4
authored_short,2,en,standard,3,patient,750,27,777,6,870,7
authored_short,2,en,standard,4,patient,761,35,796,6,890,7
authored_short,2,en,standard,5,patient,774,43,817,5,912,5
authored_short,2,en,standard,6,patient,786,51,837,15,932,15
authored_short,2,en,standard,7,patient,806,59,865,4,960,4
authored_short,2,en,standard,8,patient,790,59,849,1,943,1
authored_short,2,en,standard,9,patient,786,59,845,4,939,3
authored_short,2,en,standard,10,patient,785,59,844,4,936,3
authored_short,2,en,standard,11,patient,783,59,842,4,932,4
authored_short,2,en,standard,12,patient,779,59,838,15,928,15
authored_short,2,en,standard,13,patient,780,59,839,4,929,4
authored_short,2,en,standard,14,patient,780,59,839,4,929,4
authored_short,2,en,standard,15,patient,781,59,840,14,930,15
authored_short,2,en,standard,16,patient,792,59,851,14,943,15
authored_short,2,en,standard,17,patient,801,59,860,15,954,15
authored_short,2,en,standard,18,patient,812,59,871,4,965,4
authored_short,2,en,standard,19,patient,801,59,860,15,954,15
authored_short,2,en,standard,20,patient,810,59,869,14,963,15
authored_short,2,en,standard,21,exam,437,59,496,33,502,34
authored_short,2,en,standard,22,exam,475,59,534,27,540,28
authored_short,2,en,standard,23,exam,466,59,525,18,531,20
authored_short,2,en,standard,24,unrecorded_lab,60,11,71,13,71,13
authored_short,2,en,standard,25,unrecorded_lab,59,11,70,13,71,13
authored_short,2,en,standard,26,scoring,1948,11,1959,204,2114,203
authored_short,2,en,standard,27,lesson,1579,11,1590,767,1598,777
authored_short,2,en,long,1,patient,721,11,732,14,824,15
authored_short,2,en,long,2,patient,741,19,760,4,853,4
authored_short,2,en,long,3,patient,750,27,777,6,870,7
authored_short,2,en,long,4,patient,761,35,796,6,890,7
authored_short,2,en,long,5,patient,774,43,817,5,912,5
authored_short,2,en,long,6,patient,786,51,837,15,932,15
authored_short,2,en,long,7,patient,806,59,865,4,960,4
authored_short,2,en,long,8,patient,790,59,849,1,943,1
authored_short,2,en,long,9,patient,786,59,845,4,939,3
authored_short,2,en,long,10,patient,785,59,844,4,936,3
authored_short,2,en,long,11,patient,783,59,842,4,932,4
authored_short,2,en,long,12,patient,779,59,838,15,928,15
authored_short,2,en,long,13,patient,780,59,839,4,929,4
authored_short,2,en,long,14,patient,780,59,839,4,929,4
authored_short,2,en,long,15,patient,781,59,840,14,930,15
authored_short,2,en,long,16,patient,792,59,851,14,943,15
authored_short,2,en,long,17,patient,801,59,860,15,954,15
authored_short,2,en,long,18,patient,812,59,871,4,965,4
authored_short,2,en,long,19,patient,801,59,860,15,954,15
authored_short,2,en,long,20,patient,810,59,869,14,963,15
authored_short,2,en,long,21,patient,820,59,879,6,974,7
authored_short,2,en,long,22,patient,813,59,872,6,967,7
authored_short,2,en,long,23,patient,805,59,864,14,959,15
authored_short,2,en,long,24,patient,806,59,865,4,961,3
authored_short,2,en,long,25,patient,808,59,867,14,962,15
authored_short,2,en,long,26,patient,808,59,867,4,963,4
authored_short,2,en,long,27,patient,797,59,856,15,951,15
authored_short,2,en,long,28,patient,806,59,865,15,959,15
authored_short,2,en,long,29,patient,813,59,872,4,965,4
authored_short,2,en,long,30,patient,803,59,862,14,954,15
authored_short,2,en,long,31,patient,813,59,872,4,966,3
authored_short,2,en,long,32,patient,803,59,862,4,954,3
authored_short,2,en,long,33,patient,805,59,864,14,955,15
authored_short,2,en,long,34,patient,807,59,866,5,958,5
authored_short,2,en,long,35,patient,801,59,860,14,952,15
authored_short,2,en,long,36,patient,813,59,872,6,965,7
authored_short,2,en,long,37,patient,807,59,866,1,959,1
authored_short,2,en,long,38,patient,804,59,863,4,957,3
authored_short,2,en,long,39,patient,805,59,864,14,958,15
authored_short,2,en,long,40,patient,803,59,862,4,956,4
authored_short,2,en,long,41,exam,416,59,475,33,480,34
authored_short,2,en,long,42,exam,451,59,510,27,515,28
authored_short,2,en,long,43,exam,449,59,508,18,513,20
authored_short,2,en,long,44,exam,482,59,541,25,548,26
authored_short,2,en,long,45,exam,761,43,804,14,897,15
authored_short,2,en,long,46,unrecorded_lab,60,11,71,13,71,13
authored_short,2,en,long,47,unrecorded_lab,59,11,70,13,71,13
authored_short,2,en,long,48,unrecorded_lab,60,11,71,13,71,13
authored_short,2,en,long,49,unrecorded_lab,60,11,71,13,71,13
authored_short,2,en,long,50,scoring,2488,11,2499,204,2657,203
authored_short,2,en,long,51,lesson,2093,11,2104,767,2117,777
authored_short,3,fa,short,1,patient,1037,11,1048,12,2085,25
authored_short,3,fa,short,2,patient,1055,19,1074,7,2136,13
authored_short,3,fa,short,3,patient,1067,27,1094,11,2168,25
authored_short,3,fa,short,4,patient,1084,35,1119,9,2210,17
authored_short,3,fa,short,5,patient,1101,43,1144,18,2252,39
authored_short,3,fa,short,6,patient,1126,51,1177,18,2317,39
authored_short,3,fa,short,7,patient,1148,59,1207,11,2373,20
authored_short,3,fa,short,8,patient,1136,59,1195,2,2339,4
authored_short,3,fa,short,9,patient,1132,59,1191,2,2329,4
authored_short,3,fa,short,10,patient,1125,59,1184,2,2312,4
authored_short,3,fa,short,11,exam,579,59,638,38,1235,46
authored_short,3,fa,short,12,exam,631,59,690,45,1295,89
authored_short,3,fa,short,13,scoring,1824,11,1835,314,2494,566
authored_short,3,fa,short,14,lesson,1756,11,1767,1472,2892,2846
authored_short,3,fa,standard,1,patient,1037,11,1048,12,2085,25
authored_short,3,fa,standard,2,patient,1055,19,1074,7,2136,13
authored_short,3,fa,standard,3,patient,1067,27,1094,11,2168,25
authored_short,3,fa,standard,4,patient,1084,35,1119,9,2210,17
authored_short,3,fa,standard,5,patient,1101,43,1144,18,2252,39
authored_short,3,fa,standard,6,patient,1126,51,1177,18,2317,39
authored_short,3,fa,standard,7,patient,1148,59,1207,11,2373,20
authored_short,3,fa,standard,8,patient,1136,59,1195,2,2339,4
authored_short,3,fa,standard,9,patient,1132,59,1191,2,2329,4
authored_short,3,fa,standard,10,patient,1125,59,1184,2,2312,4
authored_short,3,fa,standard,11,patient,1120,59,1179,18,2315,39
authored_short,3,fa,standard,12,patient,1119,59,1178,18,2310,39
authored_short,3,fa,standard,13,patient,1118,59,1177,11,2304,20
authored_short,3,fa,standard,14,patient,1119,59,1178,11,2307,20
authored_short,3,fa,standard,15,patient,1130,59,1189,20,2324,39
authored_short,3,fa,standard,16,patient,1148,59,1207,20,2356,39
authored_short,3,fa,standard,17,patient,1167,59,1226,18,2395,39
authored_short,3,fa,standard,18,patient,1166,59,1225,11,2386,20
authored_short,3,fa,standard,19,patient,1157,59,1216,18,2370,39
authored_short,3,fa,standard,20,patient,1170,59,1229,20,2406,39
authored_short,3,fa,standard,21,exam,641,59,700,38,1358,46
authored_short,3,fa,standard,22,exam,689,59,748,45,1416,89
authored_short,3,fa,standard,23,exam,678,59,737,26,1398,53
authored_short,3,fa,standard,24,unrecorded_lab,92,11,103,24,219,55
authored_short,3,fa,standard,25,unrecorded_lab,91,11,102,24,219,55
authored_short,3,fa,standard,26,scoring,2207,11,2218,314,3176,566
authored_short,3,fa,standard,27,lesson,2114,11,2125,1472,3561,2846
authored_short,3,fa,long,1,patient,1037,11,1048,12,2085,25
authored_short,3,fa,long,2,patient,1055,19,1074,7,2136,13
authored_short,3,fa,long,3,patient,1067,27,1094,11,2168,25
authored_short,3,fa,long,4,patient,1084,35,1119,9,2210,17
authored_short,3,fa,long,5,patient,1101,43,1144,18,2252,39
authored_short,3,fa,long,6,patient,1126,51,1177,18,2317,39
authored_short,3,fa,long,7,patient,1148,59,1207,11,2373,20
authored_short,3,fa,long,8,patient,1136,59,1195,2,2339,4
authored_short,3,fa,long,9,patient,1132,59,1191,2,2329,4
authored_short,3,fa,long,10,patient,1125,59,1184,2,2312,4
authored_short,3,fa,long,11,patient,1120,59,1179,18,2315,39
authored_short,3,fa,long,12,patient,1119,59,1178,18,2310,39
authored_short,3,fa,long,13,patient,1118,59,1177,11,2304,20
authored_short,3,fa,long,14,patient,1119,59,1178,11,2307,20
authored_short,3,fa,long,15,patient,1130,59,1189,20,2324,39
authored_short,3,fa,long,16,patient,1148,59,1207,20,2356,39
authored_short,3,fa,long,17,patient,1167,59,1226,18,2395,39
authored_short,3,fa,long,18,patient,1166,59,1225,11,2386,20
authored_short,3,fa,long,19,patient,1157,59,1216,18,2370,39
authored_short,3,fa,long,20,patient,1170,59,1229,20,2406,39
authored_short,3,fa,long,21,patient,1181,59,1240,20,2428,39
authored_short,3,fa,long,22,patient,1180,59,1239,20,2430,39
authored_short,3,fa,long,23,patient,1181,59,1240,18,2433,39
authored_short,3,fa,long,24,patient,1183,59,1242,2,2440,4
authored_short,3,fa,long,25,patient,1176,59,1235,20,2429,39
authored_short,3,fa,long,26,patient,1182,59,1241,18,2437,39
authored_short,3,fa,long,27,patient,1173,59,1232,18,2421,39
authored_short,3,fa,long,28,patient,1171,59,1230,18,2421,39
authored_short,3,fa,long,29,patient,1166,59,1225,20,2415,39
authored_short,3,fa,long,30,patient,1167,59,1226,20,2412,39
authored_short,3,fa,long,31,patient,1185,59,1244,11,2444,20
authored_short,3,fa,long,32,patient,1178,59,1237,2,2427,4
authored_short,3,fa,long,33,patient,1164,59,1223,20,2389,39
authored_short,3,fa,long,34,patient,1170,59,1229,18,2393,39
authored_short,3,fa,long,35,patient,1171,59,1230,20,2398,39
authored_short,3,fa,long,36,patient,1177,59,1236,20,2410,39
authored_short,3,fa,long,37,patient,1184,59,1243,2,2425,4
authored_short,3,fa,long,38,patient,1181,59,1240,2,2415,4
authored_short,3,fa,long,39,patient,1183,59,1242,20,2419,39
authored_short,3,fa,long,40,patient,1181,59,1240,7,2415,11
authored_short,3,fa,long,41,exam,628,59,687,38,1315,46
authored_short,3,fa,long,42,exam,678,59,737,45,1372,89
authored_short,3,fa,long,43,exam,662,59,721,26,1341,53
authored_short,3,fa,long,44,exam,706,59,765,37,1427,80
authored_short,3,fa,long,45,exam,1100,43,1143,20,2228,39
authored_short,3,fa,long,46,unrecorded_lab,92,11,103,24,219,55
authored_short,3,fa,long,47,unrecorded_lab,91,11,102,24,219,55
authored_short,3,fa,long,48,unrecorded_lab,92,11,103,24,219,55
authored_short,3,fa,long,49,unrecorded_lab,92,11,103,24,219,55
authored_short,3,fa,long,50,scoring,2970,11,2981,314,4546,566
authored_short,3,fa,long,51,lesson,2817,11,2828,1472,4902,2846
authored_short,3,en,short,1,patient,637,11,648,14,710,15
authored_short,3,en,short,2,patient,657,19,676,6,739,6
authored_short,3,en,short,3,patient,668,27,695,9,758,9
authored_short,3,en,short,4,patient,682,35,717,4,780,4
authored_short,3,en,short,5,patient,693,43,736,15,799,15
authored_short,3,en,short,6,patient,715,51,766,15,829,15
authored_short,3,en,short,7,patient,735,59,794,7,857,7
authored_short,3,en,short,8,patient,722,59,781,1,843,1
authored_short,3,en,short,9,patient,716,59,775,1,837,1
authored_short,3,en,short,10,patient,709,59,768,1,830,1
authored_short,3,en,short,11,exam,410,59,469,33,471,34
authored_short,3,en,short,12,exam,446,59,505,30,508,31
authored_short,3,en,short,13,scoring,1673,11,1684,248,1847,247
authored_short,3,en,short,14,lesson,1356,11,1367,922,1374,929
authored_short,3,en,standard,1,patient,637,11,648,14,710,15
authored_short,3,en,standard,2,patient,657,19,676,6,739,6
authored_short,3,en,standard,3,patient,668,27,695,9,758,9
authored_short,3,en,standard,4,patient,682,35,717,4,780,4
authored_short,3,en,standard,5,patient,693,43,736,15,799,15
authored_short,3,en,standard,6,patient,715,51,766,15,829,15
authored_short,3,en,standard,7,patient,735,59,794,7,857,7
authored_short,3,en,standard,8,patient,722,59,781,1,843,1
authored_short,3,en,standard,9,patient,716,59,775,1,837,1
authored_short,3,en,standard,10,patient,709,59,768,1,830,1
authored_short,3,en,standard,11,patient,706,59,765,15,827,15
authored_short,3,en,standard,12,patient,703,59,762,15,824,15
authored_short,3,en,standard,13,patient,704,59,763,7,825,7
authored_short,3,en,standard,14,patient,704,59,763,7,825,7
authored_short,3,en,standard,15,patient,708,59,767,14,829,15
authored_short,3,en,standard,16,patient,722,59,781,14,844,15
authored_short,3,en,standard,17,patient,734,59,793,15,857,15
authored_short,3,en,standard,18,patient,734,59,793,7,857,7
authored_short,3,en,standard,19,patient,726,59,785,15,849,15
authored_short,3,en,standard,20,patient,732,59,791,14,855,15
authored_short,3,en,standard,21,exam,443,59,502,33,507,34
authored_short,3,en,standard,22,exam,481,59,540,30,545,31
authored_short,3,en,standard,23,exam,475,59,534,13,539,14
authored_short,3,en,standard,24,unrecorded_lab,60,11,71,13,71,13
authored_short,3,en,standard,25,unrecorded_lab,59,11,70,13,71,13
authored_short,3,en,standard,26,scoring,1968,11,1979,248,2145,247
authored_short,3,en,standard,27,lesson,1639,11,1650,922,1659,929
authored_short,3,en,long,1,patient,637,11,648,14,710,15
authored_short,3,en,long,2,patient,657,19,676,6,739,6
authored_short,3,en,long,3,patient,668,27,695,9,758,9
authored_short,3,en,long,4,patient,682,35,717,4,780,4
authored_short,3,en,long,5,patient,693,43,736,15,799,15
authored_short,3,en,long,6,patient,715,51,766,15,829,15
authored_short,3,en,long,7,patient,735,59,794,7,857,7
authored_short,3,en,long,8,patient,722,59,781,1,843,1
authored_short,3,en,long,9,patient,716,59,775,1,837,1
authored_short,3,en,long,10,patient,709,59,768,1,830,1
authored_short,3,en,long,11,patient,706,59,765,15,827,15
authored_short,3,en,long,12,patient,703,59,762,15,824,15
authored_short,3,en,long,13,patient,704,59,763,7,825,7
authored_short,3,en,long,14,patient,704,59,763,7,825,7
authored_short,3,en,long,15,patient,708,59,767,14,829,15
authored_short,3,en,long,16,patient,722,59,781,14,844,15
authored_short,3,en,long,17,patient,734,59,793,15,857,15
authored_short,3,en,long,18,patient,734,59,793,7,857,7
authored_short,3,en,long,19,patient,726,59,785,15,849,15
authored_short,3,en,long,20,patient,732,59,791,14,855,15
authored_short,3,en,long,21,patient,739,59,798,9,863,9
authored_short,3,en,long,22,patient,735,59,794,9,858,9
authored_short,3,en,long,23,patient,730,59,789,14,852,15
authored_short,3,en,long,24,patient,731,59,790,1,854,1
authored_short,3,en,long,25,patient,727,59,786,14,850,15
authored_short,3,en,long,26,patient,727,59,786,15,851,15
authored_short,3,en,long,27,patient,727,59,786,15,850,15
authored_short,3,en,long,28,patient,733,59,792,15,856,15
authored_short,3,en,long,29,patient,737,59,796,7,860,7
authored_short,3,en,long,30,patient,730,59,789,14,852,15
authored_short,3,en,long,31,patient,743,59,802,1,866,1
authored_short,3,en,long,32,patient,730,59,789,1,852,1
authored_short,3,en,long,33,patient,718,59,777,14,840,15
authored_short,3,en,long,34,patient,720,59,779,15,843,15
authored_short,3,en,long,35,patient,724,59,783,14,847,15
authored_short,3,en,long,36,patient,733,59,792,9,857,9
authored_short,3,en,long,37,patient,730,59,789,1,853,1
authored_short,3,en,long,38,patient,730,59,789,1,853,1
authored_short,3,en,long,39,patient,731,59,790,14,854,15
authored_short,3,en,long,40,patient,729,59,788,4,852,4
authored_short,3,en,long,41,exam,419,59,478,33,482,34
authored_short,3,en,long,42,exam,454,59,513,30,517,31
authored_short,3,en,long,43,exam,452,59,511,13,516,14
authored_short,3,en,long,44,exam,480,59,539,25,545,26
authored_short,3,en,long,45,exam,677,43,720,14,783,15
authored_short,3,en,long,46,unrecorded_lab,60,11,71,13,71,13
authored_short,3,en,long,47,unrecorded_lab,59,11,70,13,71,13
authored_short,3,en,long,48,unrecorded_lab,60,11,71,13,71,13
authored_short,3,en,long,49,unrecorded_lab,60,11,71,13,71,13
authored_short,3,en,long,50,scoring,2533,11,2544,248,2717,247
authored_short,3,en,long,51,lesson,2176,11,2187,922,2205,929
length_stress_60,1,fa,short,1,patient,1218,11,1229,62,2317,165
length_stress_60,1,fa,short,2,patient,1286,19,1305,69,2508,183
length_stress_60,1,fa,short,3,patient,1360,27,1387,61,2710,169
length_stress_60,1,fa,short,4,patient,1427,35,1462,61,2896,169
length_stress_60,1,fa,short,5,patient,1496,43,1539,64,3090,164
length_stress_60,1,fa,short,6,patient,1567,51,1618,64,3280,164
length_stress_60,1,fa,short,7,patient,1635,59,1694,68,3461,184
length_stress_60,1,fa,short,8,patient,1630,59,1689,60,3451,160
length_stress_60,1,fa,short,9,patient,1622,59,1681,69,3427,181
length_stress_60,1,fa,short,10,patient,1632,59,1691,69,3443,181
length_stress_60,1,fa,short,11,exam,932,59,991,38,2183,46
length_stress_60,1,fa,short,12,exam,938,59,997,42,2118,82
length_stress_60,1,fa,short,13,scoring,2713,11,2724,314,4454,566
length_stress_60,1,fa,short,14,lesson,2439,11,2450,1546,4584,3007
length_stress_60,1,fa,standard,1,patient,1218,11,1229,62,2317,165
length_stress_60,1,fa,standard,2,patient,1286,19,1305,69,2508,183
length_stress_60,1,fa,standard,3,patient,1360,27,1387,61,2710,169
length_stress_60,1,fa,standard,4,patient,1427,35,1462,61,2896,169
length_stress_60,1,fa,standard,5,patient,1496,43,1539,64,3090,164
length_stress_60,1,fa,standard,6,patient,1567,51,1618,64,3280,164
length_stress_60,1,fa,standard,7,patient,1635,59,1694,68,3461,184
length_stress_60,1,fa,standard,8,patient,1630,59,1689,60,3451,160
length_stress_60,1,fa,standard,9,patient,1622,59,1681,69,3427,181
length_stress_60,1,fa,standard,10,patient,1632,59,1691,69,3443,181
length_stress_60,1,fa,standard,11,patient,1642,59,1701,63,3471,166
length_stress_60,1,fa,standard,12,patient,1640,59,1699,68,3468,179
length_stress_60,1,fa,standard,13,patient,1643,59,1702,68,3477,184
length_stress_60,1,fa,standard,14,patient,1644,59,1703,68,3480,184
length_stress_60,1,fa,standard,15,patient,1654,59,1713,60,3505,151
length_stress_60,1,fa,standard,16,patient,1645,59,1704,60,3472,151
length_stress_60,1,fa,standard,17,patient,1637,59,1696,68,3446,179
length_stress_60,1,fa,standard,18,patient,1641,59,1700,68,3450,184
length_stress_60,1,fa,standard,19,patient,1639,59,1698,68,3458,179
length_stress_60,1,fa,standard,20,patient,1645,59,1704,60,3470,151
length_stress_60,1,fa,standard,21,exam,930,59,989,38,2162,46
length_stress_60,1,fa,standard,22,exam,938,59,997,42,2108,82
length_stress_60,1,fa,standard,23,exam,884,59,943,26,1971,53
length_stress_60,1,fa,standard,24,unrecorded_lab,92,11,103,24,219,55
length_stress_60,1,fa,standard,25,unrecorded_lab,91,11,102,24,219,55
length_stress_60,1,fa,standard,26,scoring,3576,11,3587,314,6508,566
length_stress_60,1,fa,standard,27,lesson,3277,11,3288,1546,6622,3007
length_stress_60,1,fa,long,1,patient,1218,11,1229,62,2317,165
length_stress_60,1,fa,long,2,patient,1286,19,1305,69,2508,183
length_stress_60,1,fa,long,3,patient,1360,27,1387,61,2710,169
length_stress_60,1,fa,long,4,patient,1427,35,1462,61,2896,169
length_stress_60,1,fa,long,5,patient,1496,43,1539,64,3090,164
length_stress_60,1,fa,long,6,patient,1567,51,1618,64,3280,164
length_stress_60,1,fa,long,7,patient,1635,59,1694,68,3461,184
length_stress_60,1,fa,long,8,patient,1630,59,1689,60,3451,160
length_stress_60,1,fa,long,9,patient,1622,59,1681,69,3427,181
length_stress_60,1,fa,long,10,patient,1632,59,1691,69,3443,181
length_stress_60,1,fa,long,11,patient,1642,59,1701,63,3471,166
length_stress_60,1,fa,long,12,patient,1640,59,1699,68,3468,179
length_stress_60,1,fa,long,13,patient,1643,59,1702,68,3477,184
length_stress_60,1,fa,long,14,patient,1644,59,1703,68,3480,184
length_stress_60,1,fa,long,15,patient,1654,59,1713,60,3505,151
length_stress_60,1,fa,long,16,patient,1645,59,1704,60,3472,151
length_stress_60,1,fa,long,17,patient,1637,59,1696,68,3446,179
length_stress_60,1,fa,long,18,patient,1641,59,1700,68,3450,184
length_stress_60,1,fa,long,19,patient,1639,59,1698,68,3458,179
length_stress_60,1,fa,long,20,patient,1645,59,1704,60,3470,151
length_stress_60,1,fa,long,21,patient,1639,59,1698,60,3440,151
length_stress_60,1,fa,long,22,patient,1638,59,1697,60,3442,151
length_stress_60,1,fa,long,23,patient,1639,59,1698,64,3445,164
length_stress_60,1,fa,long,24,patient,1637,59,1696,69,3437,181
length_stress_60,1,fa,long,25,patient,1640,59,1699,60,3439,151
length_stress_60,1,fa,long,26,patient,1636,59,1695,63,3419,166
length_stress_60,1,fa,long,27,patient,1632,59,1691,68,3418,179
length_stress_60,1,fa,long,28,patient,1640,59,1699,68,3446,179
length_stress_60,1,fa,long,29,patient,1645,59,1704,60,3468,151
length_stress_60,1,fa,long,30,patient,1640,59,1699,60,3452,151
length_stress_60,1,fa,long,31,patient,1631,59,1690,68,3419,184
length_stress_60,1,fa,long,32,patient,1641,59,1700,69,3454,181
length_stress_60,1,fa,long,33,patient,1649,59,1708,60,3466,151
length_stress_60,1,fa,long,34,patient,1645,59,1704,64,3442,164
length_stress_60,1,fa,long,35,patient,1642,59,1701,60,3432,151
length_stress_60,1,fa,long,36,patient,1648,59,1707,60,3444,151
length_stress_60,1,fa,long,37,patient,1655,59,1714,60,3459,160
length_stress_60,1,fa,long,38,patient,1653,59,1712,69,3441,181
length_stress_60,1,fa,long,39,patient,1655,59,1714,60,3445,151
length_stress_60,1,fa,long,40,patient,1653,59,1712,67,3441,179
length_stress_60,1,fa,long,41,exam,945,59,1004,38,2176,46
length_stress_60,1,fa,long,42,exam,955,59,1014,42,2121,82
length_stress_60,1,fa,long,43,exam,896,59,955,26,1971,53
length_stress_60,1,fa,long,44,exam,882,59,941,37,1901,81
length_stress_60,1,fa,long,45,exam,1381,43,1424,20,2740,39
length_stress_60,1,fa,long,46,unrecorded_lab,92,11,103,24,219,55
length_stress_60,1,fa,long,47,unrecorded_lab,91,11,102,24,219,55
length_stress_60,1,fa,long,48,unrecorded_lab,92,11,103,24,219,55
length_stress_60,1,fa,long,49,unrecorded_lab,92,11,103,24,219,55
length_stress_60,1,fa,long,50,scoring,5303,11,5314,314,10554,566
length_stress_60,1,fa,long,51,lesson,4948,11,4959,1546,10634,3007
length_stress_60,1,en,short,1,patient,818,11,829,63,942,64
length_stress_60,1,en,short,2,patient,887,19,906,60,1020,60
length_stress_60,1,en,short,3,patient,952,27,979,65,1093,66
length_stress_60,1,en,short,4,patient,1022,35,1057,65,1172,66
length_stress_60,1,en,short,5,patient,1094,43,1137,63,1253,63
length_stress_60,1,en,short,6,patient,1164,51,1215,65,1331,65
length_stress_60,1,en,short,7,patient,1234,59,1293,60,1409,60
length_stress_60,1,en,short,8,patient,1225,59,1284,63,1399,65
length_stress_60,1,en,short,9,patient,1227,59,1286,61,1403,63
length_stress_60,1,en,short,10,patient,1224,59,1283,61,1401,63
length_stress_60,1,en,short,11,exam,747,59,806,33,813,34
length_stress_60,1,en,short,12,exam,735,59,794,26,802,27
length_stress_60,1,en,short,13,scoring,2490,11,2501,248,2683,247
length_stress_60,1,en,short,14,lesson,1995,11,2006,961,2015,970
length_stress_60,1,en,standard,1,patient,818,11,829,63,942,64
length_stress_60,1,en,standard,2,patient,887,19,906,60,1020,60
length_stress_60,1,en,standard,3,patient,952,27,979,65,1093,66
length_stress_60,1,en,standard,4,patient,1022,35,1057,65,1172,66
length_stress_60,1,en,standard,5,patient,1094,43,1137,63,1253,63
length_stress_60,1,en,standard,6,patient,1164,51,1215,65,1331,65
length_stress_60,1,en,standard,7,patient,1234,59,1293,60,1409,60
length_stress_60,1,en,standard,8,patient,1225,59,1284,63,1399,65
length_stress_60,1,en,standard,9,patient,1227,59,1286,61,1403,63
length_stress_60,1,en,standard,10,patient,1224,59,1283,61,1401,63
length_stress_60,1,en,standard,11,patient,1220,59,1279,63,1398,63
length_stress_60,1,en,standard,12,patient,1217,59,1276,64,1395,64
length_stress_60,1,en,standard,13,patient,1217,59,1276,60,1395,60
length_stress_60,1,en,standard,14,patient,1217,59,1276,60,1395,60
length_stress_60,1,en,standard,15,patient,1212,59,1271,63,1388,64
length_stress_60,1,en,standard,16,patient,1215,59,1274,63,1390,64
length_stress_60,1,en,standard,17,patient,1216,59,1275,64,1390,64
length_stress_60,1,en,standard,18,patient,1217,59,1276,60,1391,60
length_stress_60,1,en,standard,19,patient,1213,59,1272,64,1387,64
length_stress_60,1,en,standard,20,patient,1215,59,1274,63,1389,64
length_stress_60,1,en,standard,21,exam,745,59,804,33,808,34
length_stress_60,1,en,standard,22,exam,734,59,793,26,797,27
length_stress_60,1,en,standard,23,exam,675,59,734,13,738,14
length_stress_60,1,en,standard,24,unrecorded_lab,60,11,71,13,71,13
length_stress_60,1,en,standard,25,unrecorded_lab,59,11,70,13,71,13
length_stress_60,1,en,standard,26,scoring,3286,11,3297,248,3482,247
length_stress_60,1,en,standard,27,lesson,2776,11,2787,961,2798,970
length_stress_60,1,en,long,1,patient,818,11,829,63,942,64
length_stress_60,1,en,long,2,patient,887,19,906,60,1020,60
length_stress_60,1,en,long,3,patient,952,27,979,65,1093,66
length_stress_60,1,en,long,4,patient,1022,35,1057,65,1172,66
length_stress_60,1,en,long,5,patient,1094,43,1137,63,1253,63
length_stress_60,1,en,long,6,patient,1164,51,1215,65,1331,65
length_stress_60,1,en,long,7,patient,1234,59,1293,60,1409,60
length_stress_60,1,en,long,8,patient,1225,59,1284,63,1399,65
length_stress_60,1,en,long,9,patient,1227,59,1286,61,1403,63
length_stress_60,1,en,long,10,patient,1224,59,1283,61,1401,63
length_stress_60,1,en,long,11,patient,1220,59,1279,63,1398,63
length_stress_60,1,en,long,12,patient,1217,59,1276,64,1395,64
length_stress_60,1,en,long,13,patient,1217,59,1276,60,1395,60
length_stress_60,1,en,long,14,patient,1217,59,1276,60,1395,60
length_stress_60,1,en,long,15,patient,1212,59,1271,63,1388,64
length_stress_60,1,en,long,16,patient,1215,59,1274,63,1390,64
length_stress_60,1,en,long,17,patient,1216,59,1275,64,1390,64
length_stress_60,1,en,long,18,patient,1217,59,1276,60,1391,60
length_stress_60,1,en,long,19,patient,1213,59,1272,64,1387,64
length_stress_60,1,en,long,20,patient,1215,59,1274,63,1389,64
length_stress_60,1,en,long,21,patient,1218,59,1277,65,1393,66
length_stress_60,1,en,long,22,patient,1221,59,1280,65,1396,66
length_stress_60,1,en,long,23,patient,1223,59,1282,63,1398,64
length_stress_60,1,en,long,24,patient,1224,59,1283,61,1400,63
length_stress_60,1,en,long,25,patient,1227,59,1286,63,1405,64
length_stress_60,1,en,long,26,patient,1227,59,1286,63,1406,63
length_stress_60,1,en,long,27,patient,1226,59,1285,64,1404,64
length_stress_60,1,en,long,28,patient,1225,59,1284,64,1402,64
length_stress_60,1,en,long,29,patient,1222,59,1281,60,1398,60
length_stress_60,1,en,long,30,patient,1219,59,1278,63,1394,64
length_stress_60,1,en,long,31,patient,1221,59,1280,61,1395,63
length_stress_60,1,en,long,32,patient,1219,59,1278,61,1394,63
length_stress_60,1,en,long,33,patient,1219,59,1278,63,1396,64
length_stress_60,1,en,long,34,patient,1221,59,1280,63,1399,63
length_stress_60,1,en,long,35,patient,1224,59,1283,63,1402,64
length_stress_60,1,en,long,36,patient,1229,59,1288,65,1408,66
length_stress_60,1,en,long,37,patient,1233,59,1292,63,1412,65
length_stress_60,1,en,long,38,patient,1235,59,1294,61,1414,63
length_stress_60,1,en,long,39,patient,1236,59,1295,63,1415,64
length_stress_60,1,en,long,40,patient,1234,59,1293,60,1413,60
length_stress_60,1,en,long,41,exam,755,59,814,33,822,34
length_stress_60,1,en,long,42,exam,741,59,800,26,808,27
length_stress_60,1,en,long,43,exam,679,59,738,13,746,14
length_stress_60,1,en,long,44,exam,645,59,704,25,711,26
length_stress_60,1,en,long,45,exam,963,43,1006,14,1120,15
length_stress_60,1,en,long,46,unrecorded_lab,60,11,71,13,71,13
length_stress_60,1,en,long,47,unrecorded_lab,59,11,70,13,71,13
length_stress_60,1,en,long,48,unrecorded_lab,60,11,71,13,71,13
length_stress_60,1,en,long,49,unrecorded_lab,60,11,71,13,71,13
length_stress_60,1,en,long,50,scoring,4918,11,4929,248,5130,247
length_stress_60,1,en,long,51,lesson,4371,11,4382,961,4411,970
length_stress_60,2,fa,short,1,patient,1121,11,1132,62,2199,165
length_stress_60,2,fa,short,2,patient,1189,19,1208,69,2390,185
length_stress_60,2,fa,short,3,patient,1263,27,1290,60,2594,161
length_stress_60,2,fa,short,4,patient,1329,35,1364,60,2772,161
length_stress_60,2,fa,short,5,patient,1397,43,1440,66,2958,184
length_stress_60,2,fa,short,6,patient,1470,51,1521,68,3168,179
length_stress_60,2,fa,short,7,patient,1542,59,1601,69,3364,184
length_stress_60,2,fa,short,8,patient,1538,59,1597,62,3354,172
length_stress_60,2,fa,short,9,patient,1532,59,1591,65,3340,179
length_stress_60,2,fa,short,10,patient,1539,59,1598,65,3362,179
length_stress_60,2,fa,short,11,exam,922,59,981,38,2210,46
length_stress_60,2,fa,short,12,exam,926,59,985,45,2125,90
length_stress_60,2,fa,short,13,scoring,2398,11,2409,258,4101,464
length_stress_60,2,fa,short,14,lesson,2246,11,2257,1217,4342,2381
length_stress_60,2,fa,standard,1,patient,1121,11,1132,62,2199,165
length_stress_60,2,fa,standard,2,patient,1189,19,1208,69,2390,185
length_stress_60,2,fa,standard,3,patient,1263,27,1290,60,2594,161
length_stress_60,2,fa,standard,4,patient,1329,35,1364,60,2772,161
length_stress_60,2,fa,standard,5,patient,1397,43,1440,66,2958,184
length_stress_60,2,fa,standard,6,patient,1470,51,1521,68,3168,179
length_stress_60,2,fa,standard,7,patient,1542,59,1601,69,3364,184
length_stress_60,2,fa,standard,8,patient,1538,59,1597,62,3354,172
length_stress_60,2,fa,standard,9,patient,1532,59,1591,65,3340,179
length_stress_60,2,fa,standard,10,patient,1539,59,1598,65,3362,179
length_stress_60,2,fa,standard,11,patient,1546,59,1605,68,3396,187
length_stress_60,2,fa,standard,12,patient,1547,59,1606,68,3394,179
length_stress_60,2,fa,standard,13,patient,1546,59,1605,69,3388,184
length_stress_60,2,fa,standard,14,patient,1547,59,1606,69,3391,184
length_stress_60,2,fa,standard,15,patient,1556,59,1615,60,3404,151
length_stress_60,2,fa,standard,16,patient,1551,59,1610,60,3373,151
length_stress_60,2,fa,standard,17,patient,1547,59,1606,68,3349,179
length_stress_60,2,fa,standard,18,patient,1546,59,1605,69,3332,184
length_stress_60,2,fa,standard,19,patient,1545,59,1604,68,3340,179
length_stress_60,2,fa,standard,20,patient,1550,59,1609,60,3352,151
length_stress_60,2,fa,standard,21,exam,920,59,979,38,2146,46
length_stress_60,2,fa,standard,22,exam,928,59,987,45,2092,90
length_stress_60,2,fa,standard,23,exam,877,59,936,34,1963,69
length_stress_60,2,fa,standard,24,unrecorded_lab,92,11,103,24,219,55
length_stress_60,2,fa,standard,25,unrecorded_lab,91,11,102,24,219,55
length_stress_60,2,fa,standard,26,scoring,3276,11,3287,258,6192,464
length_stress_60,2,fa,standard,27,lesson,3099,11,3110,1217,6417,2381
length_stress_60,2,fa,long,1,patient,1121,11,1132,62,2199,165
length_stress_60,2,fa,long,2,patient,1189,19,1208,69,2390,185
length_stress_60,2,fa,long,3,patient,1263,27,1290,60,2594,161
length_stress_60,2,fa,long,4,patient,1329,35,1364,60,2772,161
length_stress_60,2,fa,long,5,patient,1397,43,1440,66,2958,184
length_stress_60,2,fa,long,6,patient,1470,51,1521,68,3168,179
length_stress_60,2,fa,long,7,patient,1542,59,1601,69,3364,184
length_stress_60,2,fa,long,8,patient,1538,59,1597,62,3354,172
length_stress_60,2,fa,long,9,patient,1532,59,1591,65,3340,179
length_stress_60,2,fa,long,10,patient,1539,59,1598,65,3362,179
length_stress_60,2,fa,long,11,patient,1546,59,1605,68,3396,187
length_stress_60,2,fa,long,12,patient,1547,59,1606,68,3394,179
length_stress_60,2,fa,long,13,patient,1546,59,1605,69,3388,184
length_stress_60,2,fa,long,14,patient,1547,59,1606,69,3391,184
length_stress_60,2,fa,long,15,patient,1556,59,1615,60,3404,151
length_stress_60,2,fa,long,16,patient,1551,59,1610,60,3373,151
length_stress_60,2,fa,long,17,patient,1547,59,1606,68,3349,179
length_stress_60,2,fa,long,18,patient,1546,59,1605,69,3332,184
length_stress_60,2,fa,long,19,patient,1545,59,1604,68,3340,179
length_stress_60,2,fa,long,20,patient,1550,59,1609,60,3352,151
length_stress_60,2,fa,long,21,patient,1543,59,1602,60,3322,151
length_stress_60,2,fa,long,22,patient,1542,59,1601,60,3324,151
length_stress_60,2,fa,long,23,patient,1543,59,1602,68,3327,179
length_stress_60,2,fa,long,24,patient,1545,59,1604,65,3334,179
length_stress_60,2,fa,long,25,patient,1543,59,1602,60,3334,151
length_stress_60,2,fa,long,26,patient,1539,59,1598,68,3314,187
length_stress_60,2,fa,long,27,patient,1540,59,1599,68,3334,179
length_stress_60,2,fa,long,28,patient,1548,59,1607,68,3362,179
length_stress_60,2,fa,long,29,patient,1553,59,1612,60,3384,151
length_stress_60,2,fa,long,30,patient,1544,59,1603,60,3353,151
length_stress_60,2,fa,long,31,patient,1539,59,1598,69,3322,184
length_stress_60,2,fa,long,32,patient,1550,59,1609,65,3357,179
length_stress_60,2,fa,long,33,patient,1549,59,1608,60,3346,151
length_stress_60,2,fa,long,34,patient,1545,59,1604,66,3322,184
length_stress_60,2,fa,long,35,patient,1544,59,1603,60,3332,151
length_stress_60,2,fa,long,36,patient,1550,59,1609,60,3344,151
length_stress_60,2,fa,long,37,patient,1557,59,1616,62,3359,172
length_stress_60,2,fa,long,38,patient,1556,59,1615,65,3353,179
length_stress_60,2,fa,long,39,patient,1558,59,1617,60,3357,151
length_stress_60,2,fa,long,40,patient,1556,59,1615,67,3353,179
length_stress_60,2,fa,long,41,exam,932,59,991,38,2170,46
length_stress_60,2,fa,long,42,exam,942,59,1001,45,2115,90
length_stress_60,2,fa,long,43,exam,886,59,945,34,1973,69
length_stress_60,2,fa,long,44,exam,878,59,937,37,1907,80
length_stress_60,2,fa,long,45,exam,1284,43,1327,20,2622,39
length_stress_60,2,fa,long,46,unrecorded_lab,92,11,103,24,219,55
length_stress_60,2,fa,long,47,unrecorded_lab,91,11,102,24,219,55
length_stress_60,2,fa,long,48,unrecorded_lab,92,11,103,24,219,55
length_stress_60,2,fa,long,49,unrecorded_lab,92,11,103,24,219,55
length_stress_60,2,fa,long,50,scoring,5006,11,5017,258,10298,464
length_stress_60,2,fa,long,51,lesson,4773,11,4784,1217,10489,2381
length_stress_60,2,en,short,1,patient,721,11,732,63,824,64
length_stress_60,2,en,short,2,patient,790,19,809,60,902,60
length_stress_60,2,en,short,3,patient,855,27,882,62,975,63
length_stress_60,2,en,short,4,patient,922,35,957,62,1051,63
length_stress_60,2,en,short,5,patient,991,43,1034,61,1129,61
length_stress_60,2,en,short,6,patient,1059,51,1110,64,1205,64
length_stress_60,2,en,short,7,patient,1128,59,1187,60,1282,60
length_stress_60,2,en,short,8,patient,1119,59,1178,64,1272,64
length_stress_60,2,en,short,9,patient,1122,59,1181,60,1275,59
length_stress_60,2,en,short,10,patient,1121,59,1180,60,1272,59
length_stress_60,2,en,short,11,exam,736,59,795,33,796,34
length_stress_60,2,en,short,12,exam,726,59,785,27,787,28
length_stress_60,2,en,short,13,scoring,2221,11,2232,204,2383,203
length_stress_60,2,en,short,14,lesson,1855,11,1866,767,1871,777
length_stress_60,2,en,standard,1,patient,721,11,732,63,824,64
length_stress_60,2,en,standard,2,patient,790,19,809,60,902,60
length_stress_60,2,en,standard,3,patient,855,27,882,62,975,63
length_stress_60,2,en,standard,4,patient,922,35,957,62,1051,63
length_stress_60,2,en,standard,5,patient,991,43,1034,61,1129,61
length_stress_60,2,en,standard,6,patient,1059,51,1110,64,1205,64
length_stress_60,2,en,standard,7,patient,1128,59,1187,60,1282,60
length_stress_60,2,en,standard,8,patient,1119,59,1178,64,1272,64
length_stress_60,2,en,standard,9,patient,1122,59,1181,60,1275,59
length_stress_60,2,en,standard,10,patient,1121,59,1180,60,1272,59
length_stress_60,2,en,standard,11,patient,1119,59,1178,60,1268,60
length_stress_60,2,en,standard,12,patient,1115,59,1174,64,1264,64
length_stress_60,2,en,standard,13,patient,1116,59,1175,60,1265,60
length_stress_60,2,en,standard,14,patient,1116,59,1175,60,1265,60
length_stress_60,2,en,standard,15,patient,1110,59,1169,63,1259,64
length_stress_60,2,en,standard,16,patient,1114,59,1173,63,1265,64
length_stress_60,2,en,standard,17,patient,1116,59,1175,64,1269,64
length_stress_60,2,en,standard,18,patient,1120,59,1179,60,1273,60
length_stress_60,2,en,standard,19,patient,1116,59,1175,64,1269,64
length_stress_60,2,en,standard,20,patient,1118,59,1177,63,1271,64
length_stress_60,2,en,standard,21,exam,738,59,797,33,803,34
length_stress_60,2,en,standard,22,exam,727,59,786,27,792,28
length_stress_60,2,en,standard,23,exam,669,59,728,18,734,20
length_stress_60,2,en,standard,24,unrecorded_lab,60,11,71,13,71,13
length_stress_60,2,en,standard,25,unrecorded_lab,59,11,70,13,71,13
length_stress_60,2,en,standard,26,scoring,3019,11,3030,204,3185,203
length_stress_60,2,en,standard,27,lesson,2638,11,2649,767,2657,777
length_stress_60,2,en,long,1,patient,721,11,732,63,824,64
length_stress_60,2,en,long,2,patient,790,19,809,60,902,60
length_stress_60,2,en,long,3,patient,855,27,882,62,975,63
length_stress_60,2,en,long,4,patient,922,35,957,62,1051,63
length_stress_60,2,en,long,5,patient,991,43,1034,61,1129,61
length_stress_60,2,en,long,6,patient,1059,51,1110,64,1205,64
length_stress_60,2,en,long,7,patient,1128,59,1187,60,1282,60
length_stress_60,2,en,long,8,patient,1119,59,1178,64,1272,64
length_stress_60,2,en,long,9,patient,1122,59,1181,60,1275,59
length_stress_60,2,en,long,10,patient,1121,59,1180,60,1272,59
length_stress_60,2,en,long,11,patient,1119,59,1178,60,1268,60
length_stress_60,2,en,long,12,patient,1115,59,1174,64,1264,64
length_stress_60,2,en,long,13,patient,1116,59,1175,60,1265,60
length_stress_60,2,en,long,14,patient,1116,59,1175,60,1265,60
length_stress_60,2,en,long,15,patient,1110,59,1169,63,1259,64
length_stress_60,2,en,long,16,patient,1114,59,1173,63,1265,64
length_stress_60,2,en,long,17,patient,1116,59,1175,64,1269,64
length_stress_60,2,en,long,18,patient,1120,59,1179,60,1273,60
length_stress_60,2,en,long,19,patient,1116,59,1175,64,1269,64
length_stress_60,2,en,long,20,patient,1118,59,1177,63,1271,64
length_stress_60,2,en,long,21,patient,1121,59,1180,62,1275,63
length_stress_60,2,en,long,22,patient,1121,59,1180,62,1275,63
length_stress_60,2,en,long,23,patient,1120,59,1179,63,1274,64
length_stress_60,2,en,long,24,patient,1121,59,1180,60,1276,59
length_stress_60,2,en,long,25,patient,1123,59,1182,63,1277,64
length_stress_60,2,en,long,26,patient,1123,59,1182,60,1278,60
length_stress_60,2,en,long,27,patient,1119,59,1178,64,1273,64
length_stress_60,2,en,long,28,patient,1121,59,1180,64,1274,64
length_stress_60,2,en,long,29,patient,1121,59,1180,60,1273,60
length_stress_60,2,en,long,30,patient,1118,59,1177,63,1269,64
length_stress_60,2,en,long,31,patient,1121,59,1180,60,1274,59
length_stress_60,2,en,long,32,patient,1118,59,1177,60,1269,59
length_stress_60,2,en,long,33,patient,1120,59,1179,63,1270,64
length_stress_60,2,en,long,34,patient,1122,59,1181,61,1273,61
length_stress_60,2,en,long,35,patient,1123,59,1182,63,1274,64
length_stress_60,2,en,long,36,patient,1128,59,1187,62,1280,63
length_stress_60,2,en,long,37,patient,1129,59,1188,64,1281,64
length_stress_60,2,en,long,38,patient,1133,59,1192,60,1286,59
length_stress_60,2,en,long,39,patient,1134,59,1193,63,1287,64
length_stress_60,2,en,long,40,patient,1132,59,1191,60,1285,60
length_stress_60,2,en,long,41,exam,745,59,804,33,809,34
length_stress_60,2,en,long,42,exam,731,59,790,27,795,28
length_stress_60,2,en,long,43,exam,673,59,732,18,737,20
length_stress_60,2,en,long,44,exam,643,59,702,25,709,26
length_stress_60,2,en,long,45,exam,866,43,909,14,1002,15
length_stress_60,2,en,long,46,unrecorded_lab,60,11,71,13,71,13
length_stress_60,2,en,long,47,unrecorded_lab,59,11,70,13,71,13
length_stress_60,2,en,long,48,unrecorded_lab,60,11,71,13,71,13
length_stress_60,2,en,long,49,unrecorded_lab,60,11,71,13,71,13
length_stress_60,2,en,long,50,scoring,4630,11,4641,204,4799,203
length_stress_60,2,en,long,51,lesson,4212,11,4223,767,4236,777
length_stress_60,3,fa,short,1,patient,1037,11,1048,62,2085,165
length_stress_60,3,fa,short,2,patient,1105,19,1124,67,2276,181
length_stress_60,3,fa,short,3,patient,1177,27,1204,61,2476,165
length_stress_60,3,fa,short,4,patient,1244,35,1279,69,2658,185
length_stress_60,3,fa,short,5,patient,1321,43,1364,68,2868,179
length_stress_60,3,fa,short,6,patient,1396,51,1447,68,3073,179
length_stress_60,3,fa,short,7,patient,1468,59,1527,61,3269,160
length_stress_60,3,fa,short,8,patient,1456,59,1515,62,3235,172
length_stress_60,3,fa,short,9,patient,1452,59,1511,62,3225,172
length_stress_60,3,fa,short,10,patient,1455,59,1514,62,3236,172
length_stress_60,3,fa,short,11,exam,909,59,968,38,2159,46
length_stress_60,3,fa,short,12,exam,911,59,970,45,2079,89
length_stress_60,3,fa,short,13,scoring,2374,11,2385,314,4034,566
length_stress_60,3,fa,short,14,lesson,2299,11,2310,1472,4425,2846
length_stress_60,3,fa,standard,1,patient,1037,11,1048,62,2085,165
length_stress_60,3,fa,standard,2,patient,1105,19,1124,67,2276,181
length_stress_60,3,fa,standard,3,patient,1177,27,1204,61,2476,165
length_stress_60,3,fa,standard,4,patient,1244,35,1279,69,2658,185
length_stress_60,3,fa,standard,5,patient,1321,43,1364,68,2868,179
length_stress_60,3,fa,standard,6,patient,1396,51,1447,68,3073,179
length_stress_60,3,fa,standard,7,patient,1468,59,1527,61,3269,160
length_stress_60,3,fa,standard,8,patient,1456,59,1515,62,3235,172
length_stress_60,3,fa,standard,9,patient,1452,59,1511,62,3225,172
length_stress_60,3,fa,standard,10,patient,1455,59,1514,62,3236,172
length_stress_60,3,fa,standard,11,patient,1450,59,1509,68,3239,179
length_stress_60,3,fa,standard,12,patient,1449,59,1508,68,3234,179
length_stress_60,3,fa,standard,13,patient,1448,59,1507,61,3228,160
length_stress_60,3,fa,standard,14,patient,1449,59,1508,61,3231,160
length_stress_60,3,fa,standard,15,patient,1450,59,1509,60,3220,151
length_stress_60,3,fa,standard,16,patient,1448,59,1507,60,3196,151
length_stress_60,3,fa,standard,17,patient,1447,59,1506,68,3179,179
length_stress_60,3,fa,standard,18,patient,1446,59,1505,61,3170,160
length_stress_60,3,fa,standard,19,patient,1437,59,1496,68,3154,179
length_stress_60,3,fa,standard,20,patient,1450,59,1509,60,3190,151
length_stress_60,3,fa,standard,21,exam,911,59,970,38,2114,46
length_stress_60,3,fa,standard,22,exam,919,59,978,45,2060,89
length_stress_60,3,fa,standard,23,exam,868,59,927,26,1930,53
length_stress_60,3,fa,standard,24,unrecorded_lab,92,11,103,24,219,55
length_stress_60,3,fa,standard,25,unrecorded_lab,91,11,102,24,219,55
length_stress_60,3,fa,standard,26,scoring,3224,11,3235,314,6029,566
length_stress_60,3,fa,standard,27,lesson,3124,11,3135,1472,6404,2846
length_stress_60,3,fa,long,1,patient,1037,11,1048,62,2085,165
length_stress_60,3,fa,long,2,patient,1105,19,1124,67,2276,181
length_stress_60,3,fa,long,3,patient,1177,27,1204,61,2476,165
length_stress_60,3,fa,long,4,patient,1244,35,1279,69,2658,185
length_stress_60,3,fa,long,5,patient,1321,43,1364,68,2868,179
length_stress_60,3,fa,long,6,patient,1396,51,1447,68,3073,179
length_stress_60,3,fa,long,7,patient,1468,59,1527,61,3269,160
length_stress_60,3,fa,long,8,patient,1456,59,1515,62,3235,172
length_stress_60,3,fa,long,9,patient,1452,59,1511,62,3225,172
length_stress_60,3,fa,long,10,patient,1455,59,1514,62,3236,172
length_stress_60,3,fa,long,11,patient,1450,59,1509,68,3239,179
length_stress_60,3,fa,long,12,patient,1449,59,1508,68,3234,179
length_stress_60,3,fa,long,13,patient,1448,59,1507,61,3228,160
length_stress_60,3,fa,long,14,patient,1449,59,1508,61,3231,160
length_stress_60,3,fa,long,15,patient,1450,59,1509,60,3220,151
length_stress_60,3,fa,long,16,patient,1448,59,1507,60,3196,151
length_stress_60,3,fa,long,17,patient,1447,59,1506,68,3179,179
length_stress_60,3,fa,long,18,patient,1446,59,1505,61,3170,160
length_stress_60,3,fa,long,19,patient,1437,59,1496,68,3154,179
length_stress_60,3,fa,long,20,patient,1450,59,1509,60,3190,151
length_stress_60,3,fa,long,21,patient,1451,59,1510,60,3184,151
length_stress_60,3,fa,long,22,patient,1450,59,1509,60,3186,151
length_stress_60,3,fa,long,23,patient,1451,59,1510,68,3189,179
length_stress_60,3,fa,long,24,patient,1453,59,1512,62,3196,172
length_stress_60,3,fa,long,25,patient,1456,59,1515,60,3213,151
length_stress_60,3,fa,long,26,patient,1452,59,1511,68,3193,179
length_stress_60,3,fa,long,27,patient,1453,59,1512,68,3205,179
length_stress_60,3,fa,long,28,patient,1461,59,1520,68,3233,179
length_stress_60,3,fa,long,29,patient,1466,59,1525,60,3255,151
length_stress_60,3,fa,long,30,patient,1457,59,1516,60,3224,151
length_stress_60,3,fa,long,31,patient,1455,59,1514,61,3200,160
length_stress_60,3,fa,long,32,patient,1458,59,1517,62,3211,172
length_stress_60,3,fa,long,33,patient,1454,59,1513,60,3201,151
length_stress_60,3,fa,long,34,patient,1450,59,1509,68,3177,179
length_stress_60,3,fa,long,35,patient,1451,59,1510,60,3182,151
length_stress_60,3,fa,long,36,patient,1457,59,1516,60,3194,151
length_stress_60,3,fa,long,37,patient,1464,59,1523,62,3209,172
length_stress_60,3,fa,long,38,patient,1471,59,1530,62,3227,172
length_stress_60,3,fa,long,39,patient,1473,59,1532,60,3231,151
length_stress_60,3,fa,long,40,patient,1471,59,1530,67,3227,179
length_stress_60,3,fa,long,41,exam,928,59,987,38,2155,46
length_stress_60,3,fa,long,42,exam,938,59,997,45,2100,89
length_stress_60,3,fa,long,43,exam,882,59,941,26,1957,53
length_stress_60,3,fa,long,44,exam,866,59,925,37,1875,80
length_stress_60,3,fa,long,45,exam,1200,43,1243,20,2508,39
length_stress_60,3,fa,long,46,unrecorded_lab,92,11,103,24,219,55
length_stress_60,3,fa,long,47,unrecorded_lab,91,11,102,24,219,55
length_stress_60,3,fa,long,48,unrecorded_lab,92,11,103,24,219,55
length_stress_60,3,fa,long,49,unrecorded_lab,92,11,103,24,219,55
length_stress_60,3,fa,long,50,scoring,4938,11,4949,314,10078,566
length_stress_60,3,fa,long,51,lesson,4782,11,4793,1472,10419,2846
length_stress_60,3,en,short,1,patient,637,11,648,63,710,64
length_stress_60,3,en,short,2,patient,706,19,725,62,788,62
length_stress_60,3,en,short,3,patient,773,27,800,65,863,65
length_stress_60,3,en,short,4,patient,843,35,878,60,941,60
length_stress_60,3,en,short,5,patient,910,43,953,64,1016,64
length_stress_60,3,en,short,6,patient,981,51,1032,64,1095,64
length_stress_60,3,en,short,7,patient,1050,59,1109,63,1172,63
length_stress_60,3,en,short,8,patient,1044,59,1103,64,1165,64
length_stress_60,3,en,short,9,patient,1045,59,1104,64,1166,64
length_stress_60,3,en,short,10,patient,1045,59,1104,64,1166,64
length_stress_60,3,en,short,11,exam,753,59,812,33,814,34
length_stress_60,3,en,short,12,exam,740,59,799,30,802,31
length_stress_60,3,en,short,13,scoring,2233,11,2244,248,2407,247
length_stress_60,3,en,short,14,lesson,1909,11,1920,922,1927,929
length_stress_60,3,en,standard,1,patient,637,11,648,63,710,64
length_stress_60,3,en,standard,2,patient,706,19,725,62,788,62
length_stress_60,3,en,standard,3,patient,773,27,800,65,863,65
length_stress_60,3,en,standard,4,patient,843,35,878,60,941,60
length_stress_60,3,en,standard,5,patient,910,43,953,64,1016,64
length_stress_60,3,en,standard,6,patient,981,51,1032,64,1095,64
length_stress_60,3,en,standard,7,patient,1050,59,1109,63,1172,63
length_stress_60,3,en,standard,8,patient,1044,59,1103,64,1165,64
length_stress_60,3,en,standard,9,patient,1045,59,1104,64,1166,64
length_stress_60,3,en,standard,10,patient,1045,59,1104,64,1166,64
length_stress_60,3,en,standard,11,patient,1049,59,1108,64,1170,64
length_stress_60,3,en,standard,12,patient,1046,59,1105,64,1167,64
length_stress_60,3,en,standard,13,patient,1047,59,1106,63,1168,63
length_stress_60,3,en,standard,14,patient,1047,59,1106,63,1168,63
length_stress_60,3,en,standard,15,patient,1044,59,1103,63,1165,64
length_stress_60,3,en,standard,16,patient,1044,59,1103,63,1166,64
length_stress_60,3,en,standard,17,patient,1042,59,1101,64,1165,64
length_stress_60,3,en,standard,18,patient,1042,59,1101,63,1165,63
length_stress_60,3,en,standard,19,patient,1041,59,1100,64,1164,64
length_stress_60,3,en,standard,20,patient,1040,59,1099,63,1163,64
length_stress_60,3,en,standard,21,exam,744,59,803,33,808,34
length_stress_60,3,en,standard,22,exam,733,59,792,30,797,31
length_stress_60,3,en,standard,23,exam,678,59,737,13,742,14
length_stress_60,3,en,standard,24,unrecorded_lab,60,11,71,13,71,13
length_stress_60,3,en,standard,25,unrecorded_lab,59,11,70,13,71,13
length_stress_60,3,en,standard,26,scoring,3039,11,3050,248,3216,247
length_stress_60,3,en,standard,27,lesson,2700,11,2711,922,2720,929
length_stress_60,3,en,long,1,patient,637,11,648,63,710,64
length_stress_60,3,en,long,2,patient,706,19,725,62,788,62
length_stress_60,3,en,long,3,patient,773,27,800,65,863,65
length_stress_60,3,en,long,4,patient,843,35,878,60,941,60
length_stress_60,3,en,long,5,patient,910,43,953,64,1016,64
length_stress_60,3,en,long,6,patient,981,51,1032,64,1095,64
length_stress_60,3,en,long,7,patient,1050,59,1109,63,1172,63
length_stress_60,3,en,long,8,patient,1044,59,1103,64,1165,64
length_stress_60,3,en,long,9,patient,1045,59,1104,64,1166,64
length_stress_60,3,en,long,10,patient,1045,59,1104,64,1166,64
length_stress_60,3,en,long,11,patient,1049,59,1108,64,1170,64
length_stress_60,3,en,long,12,patient,1046,59,1105,64,1167,64
length_stress_60,3,en,long,13,patient,1047,59,1106,63,1168,63
length_stress_60,3,en,long,14,patient,1047,59,1106,63,1168,63
length_stress_60,3,en,long,15,patient,1044,59,1103,63,1165,64
length_stress_60,3,en,long,16,patient,1044,59,1103,63,1166,64
length_stress_60,3,en,long,17,patient,1042,59,1101,64,1165,64
length_stress_60,3,en,long,18,patient,1042,59,1101,63,1165,63
length_stress_60,3,en,long,19,patient,1041,59,1100,64,1164,64
length_stress_60,3,en,long,20,patient,1040,59,1099,63,1163,64
length_stress_60,3,en,long,21,patient,1040,59,1099,65,1164,65
length_stress_60,3,en,long,22,patient,1043,59,1102,65,1166,65
length_stress_60,3,en,long,23,patient,1045,59,1104,63,1167,64
length_stress_60,3,en,long,24,patient,1046,59,1105,64,1169,64
length_stress_60,3,en,long,25,patient,1049,59,1108,63,1172,64
length_stress_60,3,en,long,26,patient,1049,59,1108,64,1173,64
length_stress_60,3,en,long,27,patient,1049,59,1108,64,1172,64
length_stress_60,3,en,long,28,patient,1048,59,1107,64,1171,64
length_stress_60,3,en,long,29,patient,1045,59,1104,63,1168,63
length_stress_60,3,en,long,30,patient,1045,59,1104,63,1167,64
length_stress_60,3,en,long,31,patient,1044,59,1103,64,1167,64
length_stress_60,3,en,long,32,patient,1045,59,1104,64,1167,64
length_stress_60,3,en,long,33,patient,1047,59,1106,63,1169,64
length_stress_60,3,en,long,34,patient,1049,59,1108,64,1172,64
length_stress_60,3,en,long,35,patient,1053,59,1112,63,1176,64
length_stress_60,3,en,long,36,patient,1055,59,1114,65,1179,65
length_stress_60,3,en,long,37,patient,1059,59,1118,64,1182,64
length_stress_60,3,en,long,38,patient,1059,59,1118,64,1182,64
length_stress_60,3,en,long,39,patient,1060,59,1119,63,1183,64
length_stress_60,3,en,long,40,patient,1058,59,1117,60,1181,60
length_stress_60,3,en,long,41,exam,755,59,814,33,818,34
length_stress_60,3,en,long,42,exam,741,59,800,30,804,31
length_stress_60,3,en,long,43,exam,683,59,742,13,747,14
length_stress_60,3,en,long,44,exam,648,59,707,25,713,26
length_stress_60,3,en,long,45,exam,782,43,825,14,888,15
length_stress_60,3,en,long,46,unrecorded_lab,60,11,71,13,71,13
length_stress_60,3,en,long,47,unrecorded_lab,59,11,70,13,71,13
length_stress_60,3,en,long,48,unrecorded_lab,60,11,71,13,71,13
length_stress_60,3,en,long,49,unrecorded_lab,60,11,71,13,71,13
length_stress_60,3,en,long,50,scoring,4689,11,4700,248,4873,247
length_stress_60,3,en,long,51,lesson,4313,11,4324,922,4342,929
length_stress_120,1,fa,short,1,patient,1218,11,1229,122,2317,333
length_stress_120,1,fa,short,2,patient,1346,19,1365,129,2676,351
length_stress_120,1,fa,short,3,patient,1480,27,1507,121,3046,337
length_stress_120,1,fa,short,4,patient,1607,35,1642,121,3400,337
length_stress_120,1,fa,short,5,patient,1736,43,1779,124,3762,332
length_stress_120,1,fa,short,6,patient,1867,51,1918,124,4120,332
length_stress_120,1,fa,short,7,patient,1995,59,2054,128,4469,352
length_stress_120,1,fa,short,8,patient,1990,59,2049,120,4459,328
length_stress_120,1,fa,short,9,patient,1982,59,2041,129,4435,349
length_stress_120,1,fa,short,10,patient,1992,59,2051,129,4451,349
length_stress_120,1,fa,short,11,exam,1292,59,1351,38,3191,46
length_stress_120,1,fa,short,12,exam,1238,59,1297,42,2958,82
length_stress_120,1,fa,short,13,scoring,3313,11,3324,314,6134,566
length_stress_120,1,fa,short,14,lesson,3039,11,3050,1546,6264,3007
length_stress_120,1,fa,standard,1,patient,1218,11,1229,122,2317,333
length_stress_120,1,fa,standard,2,patient,1346,19,1365,129,2676,351
length_stress_120,1,fa,standard,3,patient,1480,27,1507,121,3046,337
length_stress_120,1,fa,standard,4,patient,1607,35,1642,121,3400,337
length_stress_120,1,fa,standard,5,patient,1736,43,1779,124,3762,332
length_stress_120,1,fa,standard,6,patient,1867,51,1918,124,4120,332
length_stress_120,1,fa,standard,7,patient,1995,59,2054,128,4469,352
length_stress_120,1,fa,standard,8,patient,1990,59,2049,120,4459,328
length_stress_120,1,fa,standard,9,patient,1982,59,2041,129,4435,349
length_stress_120,1,fa,standard,10,patient,1992,59,2051,129,4451,349
length_stress_120,1,fa,standard,11,patient,2002,59,2061,123,4479,334
length_stress_120,1,fa,standard,12,patient,2000,59,2059,128,4476,347
length_stress_120,1,fa,standard,13,patient,2003,59,2062,128,4485,352
length_stress_120,1,fa,standard,14,patient,2004,59,2063,128,4488,352
length_stress_120,1,fa,standard,15,patient,2014,59,2073,120,4513,319
length_stress_120,1,fa,standard,16,patient,2005,59,2064,120,4480,319
length_stress_120,1,fa,standard,17,patient,1997,59,2056,128,4454,347
length_stress_120,1,fa,standard,18,patient,2001,59,2060,128,4458,352
length_stress_120,1,fa,standard,19,patient,1999,59,2058,128,4466,347
length_stress_120,1,fa,standard,20,patient,2005,59,2064,120,4478,319
length_stress_120,1,fa,standard,21,exam,1290,59,1349,38,3170,46
length_stress_120,1,fa,standard,22,exam,1238,59,1297,42,2948,82
length_stress_120,1,fa,standard,23,exam,1124,59,1183,26,2643,53
length_stress_120,1,fa,standard,24,unrecorded_lab,92,11,103,24,219,55
length_stress_120,1,fa,standard,25,unrecorded_lab,91,11,102,24,219,55
length_stress_120,1,fa,standard,26,scoring,4776,11,4787,314,9868,566
length_stress_120,1,fa,standard,27,lesson,4477,11,4488,1546,9982,3007
length_stress_120,1,fa,long,1,patient,1218,11,1229,122,2317,333
length_stress_120,1,fa,long,2,patient,1346,19,1365,129,2676,351
length_stress_120,1,fa,long,3,patient,1480,27,1507,121,3046,337
length_stress_120,1,fa,long,4,patient,1607,35,1642,121,3400,337
length_stress_120,1,fa,long,5,patient,1736,43,1779,124,3762,332
length_stress_120,1,fa,long,6,patient,1867,51,1918,124,4120,332
length_stress_120,1,fa,long,7,patient,1995,59,2054,128,4469,352
length_stress_120,1,fa,long,8,patient,1990,59,2049,120,4459,328
length_stress_120,1,fa,long,9,patient,1982,59,2041,129,4435,349
length_stress_120,1,fa,long,10,patient,1992,59,2051,129,4451,349
length_stress_120,1,fa,long,11,patient,2002,59,2061,123,4479,334
length_stress_120,1,fa,long,12,patient,2000,59,2059,128,4476,347
length_stress_120,1,fa,long,13,patient,2003,59,2062,128,4485,352
length_stress_120,1,fa,long,14,patient,2004,59,2063,128,4488,352
length_stress_120,1,fa,long,15,patient,2014,59,2073,120,4513,319
length_stress_120,1,fa,long,16,patient,2005,59,2064,120,4480,319
length_stress_120,1,fa,long,17,patient,1997,59,2056,128,4454,347
length_stress_120,1,fa,long,18,patient,2001,59,2060,128,4458,352
length_stress_120,1,fa,long,19,patient,1999,59,2058,128,4466,347
length_stress_120,1,fa,long,20,patient,2005,59,2064,120,4478,319
length_stress_120,1,fa,long,21,patient,1999,59,2058,120,4448,319
length_stress_120,1,fa,long,22,patient,1998,59,2057,120,4450,319
length_stress_120,1,fa,long,23,patient,1999,59,2058,124,4453,332
length_stress_120,1,fa,long,24,patient,1997,59,2056,129,4445,349
length_stress_120,1,fa,long,25,patient,2000,59,2059,120,4447,319
length_stress_120,1,fa,long,26,patient,1996,59,2055,123,4427,334
length_stress_120,1,fa,long,27,patient,1992,59,2051,128,4426,347
length_stress_120,1,fa,long,28,patient,2000,59,2059,128,4454,347
length_stress_120,1,fa,long,29,patient,2005,59,2064,120,4476,319
length_stress_120,1,fa,long,30,patient,2000,59,2059,120,4460,319
length_stress_120,1,fa,long,31,patient,1991,59,2050,128,4427,352
length_stress_120,1,fa,long,32,patient,2001,59,2060,129,4462,349
length_stress_120,1,fa,long,33,patient,2009,59,2068,120,4474,319
length_stress_120,1,fa,long,34,patient,2005,59,2064,124,4450,332
length_stress_120,1,fa,long,35,patient,2002,59,2061,120,4440,319
length_stress_120,1,fa,long,36,patient,2008,59,2067,120,4452,319
length_stress_120,1,fa,long,37,patient,2015,59,2074,120,4467,328
length_stress_120,1,fa,long,38,patient,2013,59,2072,129,4449,349
length_stress_120,1,fa,long,39,patient,2015,59,2074,120,4453,319
length_stress_120,1,fa,long,40,patient,2013,59,2072,127,4449,347
length_stress_120,1,fa,long,41,exam,1305,59,1364,38,3184,46
length_stress_120,1,fa,long,42,exam,1255,59,1314,42,2961,82
length_stress_120,1,fa,long,43,exam,1136,59,1195,26,2643,53
length_stress_120,1,fa,long,44,exam,1062,59,1121,37,2405,81
length_stress_120,1,fa,long,45,exam,1501,43,1544,20,3076,39
length_stress_120,1,fa,long,46,unrecorded_lab,92,11,103,24,219,55
length_stress_120,1,fa,long,47,unrecorded_lab,91,11,102,24,219,55
length_stress_120,1,fa,long,48,unrecorded_lab,92,11,103,24,219,55
length_stress_120,1,fa,long,49,unrecorded_lab,92,11,103,24,219,55
length_stress_120,1,fa,long,50,scoring,7703,11,7714,314,17274,566
length_stress_120,1,fa,long,51,lesson,7348,11,7359,1546,17354,3007
length_stress_120,1,en,short,1,patient,818,11,829,126,942,127
length_stress_120,1,en,short,2,patient,950,19,969,123,1083,123
length_stress_120,1,en,short,3,patient,1078,27,1105,121,1219,122
length_stress_120,1,en,short,4,patient,1204,35,1239,121,1354,122
length_stress_120,1,en,short,5,patient,1332,43,1375,126,1491,126
length_stress_120,1,en,short,6,patient,1465,51,1516,121,1632,121
length_stress_120,1,en,short,7,patient,1591,59,1650,123,1766,123
length_stress_120,1,en,short,8,patient,1582,59,1641,126,1756,128
length_stress_120,1,en,short,9,patient,1584,59,1643,124,1760,126
length_stress_120,1,en,short,10,patient,1588,59,1647,124,1765,126
length_stress_120,1,en,short,11,exam,1118,59,1177,33,1184,34
length_stress_120,1,en,short,12,exam,1043,59,1102,26,1110,27
length_stress_120,1,en,short,13,scoring,3099,11,3110,248,3292,247
length_stress_120,1,en,short,14,lesson,2604,11,2615,961,2624,970
length_stress_120,1,en,standard,1,patient,818,11,829,126,942,127
length_stress_120,1,en,standard,2,patient,950,19,969,123,1083,123
length_stress_120,1,en,standard,3,patient,1078,27,1105,121,1219,122
length_stress_120,1,en,standard,4,patient,1204,35,1239,121,1354,122
length_stress_120,1,en,standard,5,patient,1332,43,1375,126,1491,126
length_stress_120,1,en,standard,6,patient,1465,51,1516,121,1632,121
length_stress_120,1,en,standard,7,patient,1591,59,1650,123,1766,123
length_stress_120,1,en,standard,8,patient,1582,59,1641,126,1756,128
length_stress_120,1,en,standard,9,patient,1584,59,1643,124,1760,126
length_stress_120,1,en,standard,10,patient,1588,59,1647,124,1765,126
length_stress_120,1,en,standard,11,patient,1591,59,1650,126,1769,126
length_stress_120,1,en,standard,12,patient,1588,59,1647,120,1766,120
length_stress_120,1,en,standard,13,patient,1588,59,1647,123,1766,123
length_stress_120,1,en,standard,14,patient,1588,59,1647,123,1766,123
length_stress_120,1,en,standard,15,patient,1583,59,1642,126,1759,127
length_stress_120,1,en,standard,16,patient,1586,59,1645,126,1761,127
length_stress_120,1,en,standard,17,patient,1587,59,1646,120,1761,120
length_stress_120,1,en,standard,18,patient,1581,59,1640,123,1755,123
length_stress_120,1,en,standard,19,patient,1584,59,1643,120,1758,120
length_stress_120,1,en,standard,20,patient,1579,59,1638,126,1753,127
length_stress_120,1,en,standard,21,exam,1109,59,1168,33,1172,34
length_stress_120,1,en,standard,22,exam,1035,59,1094,26,1098,27
length_stress_120,1,en,standard,23,exam,913,59,972,13,976,14
length_stress_120,1,en,standard,24,unrecorded_lab,60,11,71,13,71,13
length_stress_120,1,en,standard,25,unrecorded_lab,59,11,70,13,71,13
length_stress_120,1,en,standard,26,scoring,4504,11,4515,248,4700,247
length_stress_120,1,en,standard,27,lesson,3994,11,4005,961,4016,970
length_stress_120,1,en,long,1,patient,818,11,829,126,942,127
length_stress_120,1,en,long,2,patient,950,19,969,123,1083,123
length_stress_120,1,en,long,3,patient,1078,27,1105,121,1219,122
length_stress_120,1,en,long,4,patient,1204,35,1239,121,1354,122
length_stress_120,1,en,long,5,patient,1332,43,1375,126,1491,126
length_stress_120,1,en,long,6,patient,1465,51,1516,121,1632,121
length_stress_120,1,en,long,7,patient,1591,59,1650,123,1766,123
length_stress_120,1,en,long,8,patient,1582,59,1641,126,1756,128
length_stress_120,1,en,long,9,patient,1584,59,1643,124,1760,126
length_stress_120,1,en,long,10,patient,1588,59,1647,124,1765,126
length_stress_120,1,en,long,11,patient,1591,59,1650,126,1769,126
length_stress_120,1,en,long,12,patient,1588,59,1647,120,1766,120
length_stress_120,1,en,long,13,patient,1588,59,1647,123,1766,123
length_stress_120,1,en,long,14,patient,1588,59,1647,123,1766,123
length_stress_120,1,en,long,15,patient,1583,59,1642,126,1759,127
length_stress_120,1,en,long,16,patient,1586,59,1645,126,1761,127
length_stress_120,1,en,long,17,patient,1587,59,1646,120,1761,120
length_stress_120,1,en,long,18,patient,1581,59,1640,123,1755,123
length_stress_120,1,en,long,19,patient,1584,59,1643,120,1758,120
length_stress_120,1,en,long,20,patient,1579,59,1638,126,1753,127
length_stress_120,1,en,long,21,patient,1582,59,1641,121,1757,122
length_stress_120,1,en,long,22,patient,1578,59,1637,121,1753,122
length_stress_120,1,en,long,23,patient,1573,59,1632,126,1748,127
length_stress_120,1,en,long,24,patient,1581,59,1640,124,1757,126
length_stress_120,1,en,long,25,patient,1584,59,1643,126,1762,127
length_stress_120,1,en,long,26,patient,1591,59,1650,126,1770,126
length_stress_120,1,en,long,27,patient,1590,59,1649,120,1768,120
length_stress_120,1,en,long,28,patient,1589,59,1648,120,1766,120
length_stress_120,1,en,long,29,patient,1586,59,1645,123,1762,123
length_stress_120,1,en,long,30,patient,1583,59,1642,126,1758,127
length_stress_120,1,en,long,31,patient,1585,59,1644,124,1759,126
length_stress_120,1,en,long,32,patient,1583,59,1642,124,1758,126
length_stress_120,1,en,long,33,patient,1583,59,1642,126,1760,127
length_stress_120,1,en,long,34,patient,1592,59,1651,126,1770,126
length_stress_120,1,en,long,35,patient,1602,59,1661,126,1780,127
length_stress_120,1,en,long,36,patient,1607,59,1666,121,1786,122
length_stress_120,1,en,long,37,patient,1604,59,1663,126,1783,128
length_stress_120,1,en,long,38,patient,1606,59,1665,124,1785,126
length_stress_120,1,en,long,39,patient,1607,59,1666,126,1786,127
length_stress_120,1,en,long,40,patient,1605,59,1664,123,1784,123
length_stress_120,1,en,long,41,exam,1126,59,1185,33,1193,34
length_stress_120,1,en,long,42,exam,1049,59,1108,26,1116,27
length_stress_120,1,en,long,43,exam,931,59,990,13,998,14
length_stress_120,1,en,long,44,exam,834,59,893,25,900,26
length_stress_120,1,en,long,45,exam,1089,43,1132,14,1246,15
length_stress_120,1,en,long,46,unrecorded_lab,60,11,71,13,71,13
length_stress_120,1,en,long,47,unrecorded_lab,59,11,70,13,71,13
length_stress_120,1,en,long,48,unrecorded_lab,60,11,71,13,71,13
length_stress_120,1,en,long,49,unrecorded_lab,60,11,71,13,71,13
length_stress_120,1,en,long,50,scoring,7361,11,7372,248,7573,247
length_stress_120,1,en,long,51,lesson,6814,11,6825,961,6854,970
length_stress_120,2,fa,short,1,patient,1121,11,1132,122,2199,333
length_stress_120,2,fa,short,2,patient,1249,19,1268,129,2558,353
length_stress_120,2,fa,short,3,patient,1383,27,1410,120,2930,329
length_stress_120,2,fa,short,4,patient,1509,35,1544,120,3276,329
length_stress_120,2,fa,short,5,patient,1637,43,1680,126,3630,352
length_stress_120,2,fa,short,6,patient,1770,51,1821,128,4008,347
length_stress_120,2,fa,short,7,patient,1902,59,1961,129,4372,352
length_stress_120,2,fa,short,8,patient,1898,59,1957,122,4362,340
length_stress_120,2,fa,short,9,patient,1892,59,1951,125,4348,347
length_stress_120,2,fa,short,10,patient,1899,59,1958,125,4370,347
length_stress_120,2,fa,short,11,exam,1282,59,1341,38,3218,46
length_stress_120,2,fa,short,12,exam,1226,59,1285,45,2965,90
length_stress_120,2,fa,short,13,scoring,2998,11,3009,258,5781,464
length_stress_120,2,fa,short,14,lesson,2846,11,2857,1217,6022,2381
length_stress_120,2,fa,standard,1,patient,1121,11,1132,122,2199,333
length_stress_120,2,fa,standard,2,patient,1249,19,1268,129,2558,353
length_stress_120,2,fa,standard,3,patient,1383,27,1410,120,2930,329
length_stress_120,2,fa,standard,4,patient,1509,35,1544,120,3276,329
length_stress_120,2,fa,standard,5,patient,1637,43,1680,126,3630,352
length_stress_120,2,fa,standard,6,patient,1770,51,1821,128,4008,347
length_stress_120,2,fa,standard,7,patient,1902,59,1961,129,4372,352
length_stress_120,2,fa,standard,8,patient,1898,59,1957,122,4362,340
length_stress_120,2,fa,standard,9,patient,1892,59,1951,125,4348,347
length_stress_120,2,fa,standard,10,patient,1899,59,1958,125,4370,347
length_stress_120,2,fa,standard,11,patient,1906,59,1965,128,4404,355
length_stress_120,2,fa,standard,12,patient,1907,59,1966,128,4402,347
length_stress_120,2,fa,standard,13,patient,1906,59,1965,129,4396,352
length_stress_120,2,fa,standard,14,patient,1907,59,1966,129,4399,352
length_stress_120,2,fa,standard,15,patient,1916,59,1975,120,4412,319
length_stress_120,2,fa,standard,16,patient,1911,59,1970,120,4381,319
length_stress_120,2,fa,standard,17,patient,1907,59,1966,128,4357,347
length_stress_120,2,fa,standard,18,patient,1906,59,1965,129,4340,352
length_stress_120,2,fa,standard,19,patient,1905,59,1964,128,4348,347
length_stress_120,2,fa,standard,20,patient,1910,59,1969,120,4360,319
length_stress_120,2,fa,standard,21,exam,1280,59,1339,38,3154,46
length_stress_120,2,fa,standard,22,exam,1228,59,1287,45,2932,90
length_stress_120,2,fa,standard,23,exam,1117,59,1176,34,2635,69
length_stress_120,2,fa,standard,24,unrecorded_lab,92,11,103,24,219,55
length_stress_120,2,fa,standard,25,unrecorded_lab,91,11,102,24,219,55
length_stress_120,2,fa,standard,26,scoring,4476,11,4487,258,9552,464
length_stress_120,2,fa,standard,27,lesson,4299,11,4310,1217,9777,2381
length_stress_120,2,fa,long,1,patient,1121,11,1132,122,2199,333
length_stress_120,2,fa,long,2,patient,1249,19,1268,129,2558,353
length_stress_120,2,fa,long,3,patient,1383,27,1410,120,2930,329
length_stress_120,2,fa,long,4,patient,1509,35,1544,120,3276,329
length_stress_120,2,fa,long,5,patient,1637,43,1680,126,3630,352
length_stress_120,2,fa,long,6,patient,1770,51,1821,128,4008,347
length_stress_120,2,fa,long,7,patient,1902,59,1961,129,4372,352
length_stress_120,2,fa,long,8,patient,1898,59,1957,122,4362,340
length_stress_120,2,fa,long,9,patient,1892,59,1951,125,4348,347
length_stress_120,2,fa,long,10,patient,1899,59,1958,125,4370,347
length_stress_120,2,fa,long,11,patient,1906,59,1965,128,4404,355
length_stress_120,2,fa,long,12,patient,1907,59,1966,128,4402,347
length_stress_120,2,fa,long,13,patient,1906,59,1965,129,4396,352
length_stress_120,2,fa,long,14,patient,1907,59,1966,129,4399,352
length_stress_120,2,fa,long,15,patient,1916,59,1975,120,4412,319
length_stress_120,2,fa,long,16,patient,1911,59,1970,120,4381,319
length_stress_120,2,fa,long,17,patient,1907,59,1966,128,4357,347
length_stress_120,2,fa,long,18,patient,1906,59,1965,129,4340,352
length_stress_120,2,fa,long,19,patient,1905,59,1964,128,4348,347
length_stress_120,2,fa,long,20,patient,1910,59,1969,120,4360,319
length_stress_120,2,fa,long,21,patient,1903,59,1962,120,4330,319
length_stress_120,2,fa,long,22,patient,1902,59,1961,120,4332,319
length_stress_120,2,fa,long,23,patient,1903,59,1962,128,4335,347
length_stress_120,2,fa,long,24,patient,1905,59,1964,125,4342,347
length_stress_120,2,fa,long,25,patient,1903,59,1962,120,4342,319
length_stress_120,2,fa,long,26,patient,1899,59,1958,128,4322,355
length_stress_120,2,fa,long,27,patient,1900,59,1959,128,4342,347
length_stress_120,2,fa,long,28,patient,1908,59,1967,128,4370,347
length_stress_120,2,fa,long,29,patient,1913,59,1972,120,4392,319
length_stress_120,2,fa,long,30,patient,1904,59,1963,120,4361,319
length_stress_120,2,fa,long,31,patient,1899,59,1958,129,4330,352
length_stress_120,2,fa,long,32,patient,1910,59,1969,125,4365,347
length_stress_120,2,fa,long,33,patient,1909,59,1968,120,4354,319
length_stress_120,2,fa,long,34,patient,1905,59,1964,126,4330,352
length_stress_120,2,fa,long,35,patient,1904,59,1963,120,4340,319
length_stress_120,2,fa,long,36,patient,1910,59,1969,120,4352,319
length_stress_120,2,fa,long,37,patient,1917,59,1976,122,4367,340
length_stress_120,2,fa,long,38,patient,1916,59,1975,125,4361,347
length_stress_120,2,fa,long,39,patient,1918,59,1977,120,4365,319
length_stress_120,2,fa,long,40,patient,1916,59,1975,127,4361,347
length_stress_120,2,fa,long,41,exam,1292,59,1351,38,3178,46
length_stress_120,2,fa,long,42,exam,1242,59,1301,45,2955,90
length_stress_120,2,fa,long,43,exam,1126,59,1185,34,2645,69
length_stress_120,2,fa,long,44,exam,1058,59,1117,37,2411,80
length_stress_120,2,fa,long,45,exam,1404,43,1447,20,2958,39
length_stress_120,2,fa,long,46,unrecorded_lab,92,11,103,24,219,55
length_stress_120,2,fa,long,47,unrecorded_lab,91,11,102,24,219,55
length_stress_120,2,fa,long,48,unrecorded_lab,92,11,103,24,219,55
length_stress_120,2,fa,long,49,unrecorded_lab,92,11,103,24,219,55
length_stress_120,2,fa,long,50,scoring,7406,11,7417,258,17018,464
length_stress_120,2,fa,long,51,lesson,7173,11,7184,1217,17209,2381
length_stress_120,2,en,short,1,patient,721,11,732,126,824,127
length_stress_120,2,en,short,2,patient,853,19,872,123,965,123
length_stress_120,2,en,short,3,patient,981,27,1008,125,1101,126
length_stress_120,2,en,short,4,patient,1111,35,1146,125,1240,126
length_stress_120,2,en,short,5,patient,1243,43,1286,124,1381,124
length_stress_120,2,en,short,6,patient,1374,51,1425,120,1520,120
length_stress_120,2,en,short,7,patient,1499,59,1558,123,1653,123
length_stress_120,2,en,short,8,patient,1490,59,1549,120,1643,120
length_stress_120,2,en,short,9,patient,1486,59,1545,123,1639,122
length_stress_120,2,en,short,10,patient,1485,59,1544,123,1636,122
length_stress_120,2,en,short,11,exam,1100,59,1159,33,1160,34
length_stress_120,2,en,short,12,exam,1027,59,1086,27,1088,28
length_stress_120,2,en,short,13,scoring,2837,11,2848,204,2999,203
length_stress_120,2,en,short,14,lesson,2471,11,2482,767,2487,777
length_stress_120,2,en,standard,1,patient,721,11,732,126,824,127
length_stress_120,2,en,standard,2,patient,853,19,872,123,965,123
length_stress_120,2,en,standard,3,patient,981,27,1008,125,1101,126
length_stress_120,2,en,standard,4,patient,1111,35,1146,125,1240,126
length_stress_120,2,en,standard,5,patient,1243,43,1286,124,1381,124
length_stress_120,2,en,standard,6,patient,1374,51,1425,120,1520,120
length_stress_120,2,en,standard,7,patient,1499,59,1558,123,1653,123
length_stress_120,2,en,standard,8,patient,1490,59,1549,120,1643,120
length_stress_120,2,en,standard,9,patient,1486,59,1545,123,1639,122
length_stress_120,2,en,standard,10,patient,1485,59,1544,123,1636,122
length_stress_120,2,en,standard,11,patient,1483,59,1542,123,1632,123
length_stress_120,2,en,standard,12,patient,1479,59,1538,120,1628,120
length_stress_120,2,en,standard,13,patient,1480,59,1539,123,1629,123
length_stress_120,2,en,standard,14,patient,1480,59,1539,123,1629,123
length_stress_120,2,en,standard,15,patient,1481,59,1540,126,1630,127
length_stress_120,2,en,standard,16,patient,1485,59,1544,126,1636,127
length_stress_120,2,en,standard,17,patient,1487,59,1546,120,1640,120
length_stress_120,2,en,standard,18,patient,1484,59,1543,123,1637,123
length_stress_120,2,en,standard,19,patient,1487,59,1546,120,1640,120
length_stress_120,2,en,standard,20,patient,1482,59,1541,126,1635,127
length_stress_120,2,en,standard,21,exam,1102,59,1161,33,1167,34
length_stress_120,2,en,standard,22,exam,1028,59,1087,27,1093,28
length_stress_120,2,en,standard,23,exam,907,59,966,18,972,20
length_stress_120,2,en,standard,24,unrecorded_lab,60,11,71,13,71,13
length_stress_120,2,en,standard,25,unrecorded_lab,59,11,70,13,71,13
length_stress_120,2,en,standard,26,scoring,4244,11,4255,204,4410,203
length_stress_120,2,en,standard,27,lesson,3863,11,3874,767,3882,777
length_stress_120,2,en,long,1,patient,721,11,732,126,824,127
length_stress_120,2,en,long,2,patient,853,19,872,123,965,123
length_stress_120,2,en,long,3,patient,981,27,1008,125,1101,126
length_stress_120,2,en,long,4,patient,1111,35,1146,125,1240,126
length_stress_120,2,en,long,5,patient,1243,43,1286,124,1381,124
length_stress_120,2,en,long,6,patient,1374,51,1425,120,1520,120
length_stress_120,2,en,long,7,patient,1499,59,1558,123,1653,123
length_stress_120,2,en,long,8,patient,1490,59,1549,120,1643,120
length_stress_120,2,en,long,9,patient,1486,59,1545,123,1639,122
length_stress_120,2,en,long,10,patient,1485,59,1544,123,1636,122
length_stress_120,2,en,long,11,patient,1483,59,1542,123,1632,123
length_stress_120,2,en,long,12,patient,1479,59,1538,120,1628,120
length_stress_120,2,en,long,13,patient,1480,59,1539,123,1629,123
length_stress_120,2,en,long,14,patient,1480,59,1539,123,1629,123
length_stress_120,2,en,long,15,patient,1481,59,1540,126,1630,127
length_stress_120,2,en,long,16,patient,1485,59,1544,126,1636,127
length_stress_120,2,en,long,17,patient,1487,59,1546,120,1640,120
length_stress_120,2,en,long,18,patient,1484,59,1543,123,1637,123
length_stress_120,2,en,long,19,patient,1487,59,1546,120,1640,120
length_stress_120,2,en,long,20,patient,1482,59,1541,126,1635,127
length_stress_120,2,en,long,21,patient,1485,59,1544,125,1639,126
length_stress_120,2,en,long,22,patient,1485,59,1544,125,1639,126
length_stress_120,2,en,long,23,patient,1484,59,1543,126,1638,127
length_stress_120,2,en,long,24,patient,1492,59,1551,123,1647,122
length_stress_120,2,en,long,25,patient,1494,59,1553,126,1648,127
length_stress_120,2,en,long,26,patient,1501,59,1560,123,1656,123
length_stress_120,2,en,long,27,patient,1497,59,1556,120,1651,120
length_stress_120,2,en,long,28,patient,1492,59,1551,120,1645,120
length_stress_120,2,en,long,29,patient,1485,59,1544,123,1637,123
length_stress_120,2,en,long,30,patient,1482,59,1541,126,1633,127
length_stress_120,2,en,long,31,patient,1485,59,1544,123,1638,122
length_stress_120,2,en,long,32,patient,1482,59,1541,123,1633,122
length_stress_120,2,en,long,33,patient,1484,59,1543,126,1634,127
length_stress_120,2,en,long,34,patient,1493,59,1552,124,1644,124
length_stress_120,2,en,long,35,patient,1501,59,1560,126,1652,127
length_stress_120,2,en,long,36,patient,1506,59,1565,125,1658,126
length_stress_120,2,en,long,37,patient,1507,59,1566,120,1659,120
length_stress_120,2,en,long,38,patient,1504,59,1563,123,1657,122
length_stress_120,2,en,long,39,patient,1505,59,1564,126,1658,127
length_stress_120,2,en,long,40,patient,1503,59,1562,123,1656,123
length_stress_120,2,en,long,41,exam,1116,59,1175,33,1180,34
length_stress_120,2,en,long,42,exam,1039,59,1098,27,1103,28
length_stress_120,2,en,long,43,exam,918,59,977,18,982,20
length_stress_120,2,en,long,44,exam,832,59,891,25,898,26
length_stress_120,2,en,long,45,exam,992,43,1035,14,1128,15
length_stress_120,2,en,long,46,unrecorded_lab,60,11,71,13,71,13
length_stress_120,2,en,long,47,unrecorded_lab,59,11,70,13,71,13
length_stress_120,2,en,long,48,unrecorded_lab,60,11,71,13,71,13
length_stress_120,2,en,long,49,unrecorded_lab,60,11,71,13,71,13
length_stress_120,2,en,long,50,scoring,7094,11,7105,204,7263,203
length_stress_120,2,en,long,51,lesson,6676,11,6687,767,6700,777
length_stress_120,3,fa,short,1,patient,1037,11,1048,122,2085,333
length_stress_120,3,fa,short,2,patient,1165,19,1184,127,2444,349
length_stress_120,3,fa,short,3,patient,1297,27,1324,121,2812,333
length_stress_120,3,fa,short,4,patient,1424,35,1459,129,3162,353
length_stress_120,3,fa,short,5,patient,1561,43,1604,128,3540,347
length_stress_120,3,fa,short,6,patient,1696,51,1747,128,3913,347
length_stress_120,3,fa,short,7,patient,1828,59,1887,121,4277,328
length_stress_120,3,fa,short,8,patient,1816,59,1875,122,4243,340
length_stress_120,3,fa,short,9,patient,1812,59,1871,122,4233,340
length_stress_120,3,fa,short,10,patient,1815,59,1874,122,4244,340
length_stress_120,3,fa,short,11,exam,1269,59,1328,38,3167,46
length_stress_120,3,fa,short,12,exam,1211,59,1270,45,2919,89
length_stress_120,3,fa,short,13,scoring,2974,11,2985,314,5714,566
length_stress_120,3,fa,short,14,lesson,2899,11,2910,1472,6105,2846
length_stress_120,3,fa,standard,1,patient,1037,11,1048,122,2085,333
length_stress_120,3,fa,standard,2,patient,1165,19,1184,127,2444,349
length_stress_120,3,fa,standard,3,patient,1297,27,1324,121,2812,333
length_stress_120,3,fa,standard,4,patient,1424,35,1459,129,3162,353
length_stress_120,3,fa,standard,5,patient,1561,43,1604,128,3540,347
length_stress_120,3,fa,standard,6,patient,1696,51,1747,128,3913,347
length_stress_120,3,fa,standard,7,patient,1828,59,1887,121,4277,328
length_stress_120,3,fa,standard,8,patient,1816,59,1875,122,4243,340
length_stress_120,3,fa,standard,9,patient,1812,59,1871,122,4233,340
length_stress_120,3,fa,standard,10,patient,1815,59,1874,122,4244,340
length_stress_120,3,fa,standard,11,patient,1810,59,1869,128,4247,347
length_stress_120,3,fa,standard,12,patient,1809,59,1868,128,4242,347
length_stress_120,3,fa,standard,13,patient,1808,59,1867,121,4236,328
length_stress_120,3,fa,standard,14,patient,1809,59,1868,121,4239,328
length_stress_120,3,fa,standard,15,patient,1810,59,1869,120,4228,319
length_stress_120,3,fa,standard,16,patient,1808,59,1867,120,4204,319
length_stress_120,3,fa,standard,17,patient,1807,59,1866,128,4187,347
length_stress_120,3,fa,standard,18,patient,1806,59,1865,121,4178,328
length_stress_120,3,fa,standard,19,patient,1797,59,1856,128,4162,347
length_stress_120,3,fa,standard,20,patient,1810,59,1869,120,4198,319
length_stress_120,3,fa,standard,21,exam,1271,59,1330,38,3122,46
length_stress_120,3,fa,standard,22,exam,1219,59,1278,45,2900,89
length_stress_120,3,fa,standard,23,exam,1108,59,1167,26,2602,53
length_stress_120,3,fa,standard,24,unrecorded_lab,92,11,103,24,219,55
length_stress_120,3,fa,standard,25,unrecorded_lab,91,11,102,24,219,55
length_stress_120,3,fa,standard,26,scoring,4424,11,4435,314,9389,566
length_stress_120,3,fa,standard,27,lesson,4324,11,4335,1472,9764,2846
length_stress_120,3,fa,long,1,patient,1037,11,1048,122,2085,333
length_stress_120,3,fa,long,2,patient,1165,19,1184,127,2444,349
length_stress_120,3,fa,long,3,patient,1297,27,1324,121,2812,333
length_stress_120,3,fa,long,4,patient,1424,35,1459,129,3162,353
length_stress_120,3,fa,long,5,patient,1561,43,1604,128,3540,347
length_stress_120,3,fa,long,6,patient,1696,51,1747,128,3913,347
length_stress_120,3,fa,long,7,patient,1828,59,1887,121,4277,328
length_stress_120,3,fa,long,8,patient,1816,59,1875,122,4243,340
length_stress_120,3,fa,long,9,patient,1812,59,1871,122,4233,340
length_stress_120,3,fa,long,10,patient,1815,59,1874,122,4244,340
length_stress_120,3,fa,long,11,patient,1810,59,1869,128,4247,347
length_stress_120,3,fa,long,12,patient,1809,59,1868,128,4242,347
length_stress_120,3,fa,long,13,patient,1808,59,1867,121,4236,328
length_stress_120,3,fa,long,14,patient,1809,59,1868,121,4239,328
length_stress_120,3,fa,long,15,patient,1810,59,1869,120,4228,319
length_stress_120,3,fa,long,16,patient,1808,59,1867,120,4204,319
length_stress_120,3,fa,long,17,patient,1807,59,1866,128,4187,347
length_stress_120,3,fa,long,18,patient,1806,59,1865,121,4178,328
length_stress_120,3,fa,long,19,patient,1797,59,1856,128,4162,347
length_stress_120,3,fa,long,20,patient,1810,59,1869,120,4198,319
length_stress_120,3,fa,long,21,patient,1811,59,1870,120,4192,319
length_stress_120,3,fa,long,22,patient,1810,59,1869,120,4194,319
length_stress_120,3,fa,long,23,patient,1811,59,1870,128,4197,347
length_stress_120,3,fa,long,24,patient,1813,59,1872,122,4204,340
length_stress_120,3,fa,long,25,patient,1816,59,1875,120,4221,319
length_stress_120,3,fa,long,26,patient,1812,59,1871,128,4201,347
length_stress_120,3,fa,long,27,patient,1813,59,1872,128,4213,347
length_stress_120,3,fa,long,28,patient,1821,59,1880,128,4241,347
length_stress_120,3,fa,long,29,patient,1826,59,1885,120,4263,319
length_stress_120,3,fa,long,30,patient,1817,59,1876,120,4232,319
length_stress_120,3,fa,long,31,patient,1815,59,1874,121,4208,328
length_stress_120,3,fa,long,32,patient,1818,59,1877,122,4219,340
length_stress_120,3,fa,long,33,patient,1814,59,1873,120,4209,319
length_stress_120,3,fa,long,34,patient,1810,59,1869,128,4185,347
length_stress_120,3,fa,long,35,patient,1811,59,1870,120,4190,319
length_stress_120,3,fa,long,36,patient,1817,59,1876,120,4202,319
length_stress_120,3,fa,long,37,patient,1824,59,1883,122,4217,340
length_stress_120,3,fa,long,38,patient,1831,59,1890,122,4235,340
length_stress_120,3,fa,long,39,patient,1833,59,1892,120,4239,319
length_stress_120,3,fa,long,40,patient,1831,59,1890,127,4235,347
length_stress_120,3,fa,long,41,exam,1288,59,1347,38,3163,46
length_stress_120,3,fa,long,42,exam,1238,59,1297,45,2940,89
length_stress_120,3,fa,long,43,exam,1122,59,1181,26,2629,53
length_stress_120,3,fa,long,44,exam,1046,59,1105,37,2379,80
length_stress_120,3,fa,long,45,exam,1320,43,1363,20,2844,39
length_stress_120,3,fa,long,46,unrecorded_lab,92,11,103,24,219,55
length_stress_120,3,fa,long,47,unrecorded_lab,91,11,102,24,219,55
length_stress_120,3,fa,long,48,unrecorded_lab,92,11,103,24,219,55
length_stress_120,3,fa,long,49,unrecorded_lab,92,11,103,24,219,55
length_stress_120,3,fa,long,50,scoring,7338,11,7349,314,16798,566
length_stress_120,3,fa,long,51,lesson,7182,11,7193,1472,17139,2846
length_stress_120,3,en,short,1,patient,637,11,648,126,710,127
length_stress_120,3,en,short,2,patient,769,19,788,125,851,125
length_stress_120,3,en,short,3,patient,899,27,926,121,989,121
length_stress_120,3,en,short,4,patient,1025,35,1060,123,1123,123
length_stress_120,3,en,short,5,patient,1155,43,1198,120,1261,120
length_stress_120,3,en,short,6,patient,1282,51,1333,120,1396,120
length_stress_120,3,en,short,7,patient,1407,59,1466,126,1529,126
length_stress_120,3,en,short,8,patient,1401,59,1460,120,1522,120
length_stress_120,3,en,short,9,patient,1395,59,1454,120,1516,120
length_stress_120,3,en,short,10,patient,1395,59,1454,120,1516,120
length_stress_120,3,en,short,11,exam,1096,59,1155,33,1157,34
length_stress_120,3,en,short,12,exam,1027,59,1086,30,1089,31
length_stress_120,3,en,short,13,scoring,2821,11,2832,248,2995,247
length_stress_120,3,en,short,14,lesson,2497,11,2508,922,2515,929
length_stress_120,3,en,standard,1,patient,637,11,648,126,710,127
length_stress_120,3,en,standard,2,patient,769,19,788,125,851,125
length_stress_120,3,en,standard,3,patient,899,27,926,121,989,121
length_stress_120,3,en,standard,4,patient,1025,35,1060,123,1123,123
length_stress_120,3,en,standard,5,patient,1155,43,1198,120,1261,120
length_stress_120,3,en,standard,6,patient,1282,51,1333,120,1396,120
length_stress_120,3,en,standard,7,patient,1407,59,1466,126,1529,126
length_stress_120,3,en,standard,8,patient,1401,59,1460,120,1522,120
length_stress_120,3,en,standard,9,patient,1395,59,1454,120,1516,120
length_stress_120,3,en,standard,10,patient,1395,59,1454,120,1516,120
length_stress_120,3,en,standard,11,patient,1392,59,1451,120,1513,120
length_stress_120,3,en,standard,12,patient,1389,59,1448,120,1510,120
length_stress_120,3,en,standard,13,patient,1390,59,1449,126,1511,126
length_stress_120,3,en,standard,14,patient,1390,59,1449,126,1511,126
length_stress_120,3,en,standard,15,patient,1394,59,1453,126,1515,127
length_stress_120,3,en,standard,16,patient,1401,59,1460,126,1523,127
length_stress_120,3,en,standard,17,patient,1406,59,1465,120,1529,120
length_stress_120,3,en,standard,18,patient,1406,59,1465,126,1529,126
length_stress_120,3,en,standard,19,patient,1412,59,1471,120,1535,120
length_stress_120,3,en,standard,20,patient,1404,59,1463,126,1527,127
length_stress_120,3,en,standard,21,exam,1108,59,1167,33,1172,34
length_stress_120,3,en,standard,22,exam,1034,59,1093,30,1098,31
length_stress_120,3,en,standard,23,exam,916,59,975,13,980,14
length_stress_120,3,en,standard,24,unrecorded_lab,60,11,71,13,71,13
length_stress_120,3,en,standard,25,unrecorded_lab,59,11,70,13,71,13
length_stress_120,3,en,standard,26,scoring,4229,11,4240,248,4406,247
length_stress_120,3,en,standard,27,lesson,3890,11,3901,922,3910,929
length_stress_120,3,en,long,1,patient,637,11,648,126,710,127
length_stress_120,3,en,long,2,patient,769,19,788,125,851,125
length_stress_120,3,en,long,3,patient,899,27,926,121,989,121
length_stress_120,3,en,long,4,patient,1025,35,1060,123,1123,123
length_stress_120,3,en,long,5,patient,1155,43,1198,120,1261,120
length_stress_120,3,en,long,6,patient,1282,51,1333,120,1396,120
length_stress_120,3,en,long,7,patient,1407,59,1466,126,1529,126
length_stress_120,3,en,long,8,patient,1401,59,1460,120,1522,120
length_stress_120,3,en,long,9,patient,1395,59,1454,120,1516,120
length_stress_120,3,en,long,10,patient,1395,59,1454,120,1516,120
length_stress_120,3,en,long,11,patient,1392,59,1451,120,1513,120
length_stress_120,3,en,long,12,patient,1389,59,1448,120,1510,120
length_stress_120,3,en,long,13,patient,1390,59,1449,126,1511,126
length_stress_120,3,en,long,14,patient,1390,59,1449,126,1511,126
length_stress_120,3,en,long,15,patient,1394,59,1453,126,1515,127
length_stress_120,3,en,long,16,patient,1401,59,1460,126,1523,127
length_stress_120,3,en,long,17,patient,1406,59,1465,120,1529,120
length_stress_120,3,en,long,18,patient,1406,59,1465,126,1529,126
length_stress_120,3,en,long,19,patient,1412,59,1471,120,1535,120
length_stress_120,3,en,long,20,patient,1404,59,1463,126,1527,127
length_stress_120,3,en,long,21,patient,1404,59,1463,121,1528,121
length_stress_120,3,en,long,22,patient,1400,59,1459,121,1523,121
length_stress_120,3,en,long,23,patient,1395,59,1454,126,1517,127
length_stress_120,3,en,long,24,patient,1403,59,1462,120,1526,120
length_stress_120,3,en,long,25,patient,1399,59,1458,126,1522,127
length_stress_120,3,en,long,26,patient,1406,59,1465,120,1530,120
length_stress_120,3,en,long,27,patient,1399,59,1458,120,1522,120
length_stress_120,3,en,long,28,patient,1398,59,1457,120,1521,120
length_stress_120,3,en,long,29,patient,1395,59,1454,126,1518,126
length_stress_120,3,en,long,30,patient,1395,59,1454,126,1517,127
length_stress_120,3,en,long,31,patient,1401,59,1460,120,1524,120
length_stress_120,3,en,long,32,patient,1395,59,1454,120,1517,120
length_stress_120,3,en,long,33,patient,1397,59,1456,126,1519,127
length_stress_120,3,en,long,34,patient,1406,59,1465,120,1529,120
length_stress_120,3,en,long,35,patient,1410,59,1469,126,1533,127
length_stress_120,3,en,long,36,patient,1412,59,1471,121,1536,121
length_stress_120,3,en,long,37,patient,1409,59,1468,120,1532,120
length_stress_120,3,en,long,38,patient,1409,59,1468,120,1532,120
length_stress_120,3,en,long,39,patient,1410,59,1469,126,1533,127
length_stress_120,3,en,long,40,patient,1408,59,1467,123,1531,123
length_stress_120,3,en,long,41,exam,1112,59,1171,33,1175,34
length_stress_120,3,en,long,42,exam,1035,59,1094,30,1098,31
length_stress_120,3,en,long,43,exam,921,59,980,13,985,14
length_stress_120,3,en,long,44,exam,830,59,889,25,895,26
length_stress_120,3,en,long,45,exam,908,43,951,14,1014,15
length_stress_120,3,en,long,46,unrecorded_lab,60,11,71,13,71,13
length_stress_120,3,en,long,47,unrecorded_lab,59,11,70,13,71,13
length_stress_120,3,en,long,48,unrecorded_lab,60,11,71,13,71,13
length_stress_120,3,en,long,49,unrecorded_lab,60,11,71,13,71,13
length_stress_120,3,en,long,50,scoring,7055,11,7066,248,7239,247
length_stress_120,3,en,long,51,lesson,6679,11,6690,922,6708,929
